Rk;Player;Pos;Age;Tm;G;GS;MP;FG;FGA;FG%;3P;3PA;3P%;2P;2PA;2P%;eFG%;FT;FTA;FT%;ORB;DRB;TRB;AST;STL;BLK;TOV;PF;PTS
1;Precious Achiuwa;PF-C;24;TOT;74;18;21.9;3.2;6.3;0.501;0.4;1.3;0.268;2.8;5;0.562;0.529;0.9;1.5;0.616;2.6;4;6.6;1.3;0.6;0.9;1.1;1.9;7.6
1;Precious Achiuwa;C;24;TOR;25;0;17.5;3.1;6.8;0.459;0.5;1.9;0.277;2.6;4.9;0.528;0.497;1;1.7;0.571;2;3.4;5.4;1.8;0.6;0.5;1.2;1.6;7.7
1;Precious Achiuwa;PF;24;NYK;49;18;24.2;3.2;6.1;0.525;0.3;1;0.26;2.9;5.1;0.578;0.547;0.9;1.4;0.643;2.9;4.3;7.2;1.1;0.6;1.1;1.1;2.1;7.6
2;Bam Adebayo;C;26;MIA;71;71;34;7.5;14.3;0.521;0.2;0.6;0.357;7.3;13.7;0.528;0.529;4.1;5.5;0.755;2.2;8.1;10.4;3.9;1.1;0.9;2.3;2.2;19.3
3;Ochai Agbaji;SG;23;TOT;78;28;21;2.3;5.6;0.411;0.8;2.7;0.294;1.5;2.8;0.523;0.483;0.5;0.7;0.661;0.9;1.8;2.8;1.1;0.6;0.6;0.8;1.5;5.8
3;Ochai Agbaji;SG;23;UTA;51;10;19.7;2.1;4.9;0.426;0.9;2.8;0.331;1.2;2.1;0.551;0.52;0.3;0.4;0.75;0.7;1.8;2.5;0.9;0.5;0.6;0.7;1.3;5.4
3;Ochai Agbaji;SG;23;TOR;27;18;23.6;2.7;6.8;0.391;0.6;2.6;0.217;2.1;4.3;0.496;0.432;0.8;1.3;0.611;1.4;1.9;3.3;1.3;0.7;0.6;1.1;1.9;6.7
4;Santi Aldama;PF;23;MEM;61;35;26.5;4;9.3;0.435;1.7;5;0.349;2.3;4.3;0.534;0.528;0.9;1.4;0.621;1.2;4.6;5.8;2.3;0.7;0.9;1.1;1.5;10.7
5;Nickeil Alexander-Walker;SG;25;MIN;82;20;23.4;2.9;6.6;0.439;1.6;4.1;0.391;1.3;2.5;0.517;0.56;0.6;0.8;0.8;0.4;1.6;2;2.5;0.8;0.5;0.9;1.7;8
6;Grayson Allen;SG;28;PHO;75;74;33.5;4.5;9.1;0.499;2.7;5.9;0.461;1.8;3.2;0.57;0.649;1.7;2;0.878;0.6;3.3;3.9;3;0.9;0.6;1.3;2.1;13.5
7;Jarrett Allen;C;25;CLE;77;77;31.7;6.7;10.6;0.634;0;0.1;0;6.7;10.6;0.638;0.634;3;4.1;0.742;3.2;7.4;10.5;2.7;0.7;1.1;1.6;1.9;16.5
8;Timmy Allen;SF;24;MEM;5;0;25;1.2;4.6;0.261;0;1.4;0;1.2;3.2;0.375;0.261;0.2;0.4;0.5;0.8;2.6;3.4;1;0.8;0;0.4;3.6;2.6
9;Jose Alvarado;PG;25;NOP;56;0;18.4;2.5;6.2;0.412;1.4;3.7;0.377;1.1;2.5;0.464;0.525;0.6;0.9;0.673;0.4;1.8;2.3;2.1;1.1;0.3;0.7;1.6;7.1
10;Kyle Anderson;PF;30;MIN;79;10;22.6;2.5;5.5;0.46;0.1;0.6;0.229;2.4;4.9;0.488;0.472;1.2;1.7;0.708;0.8;2.7;3.5;4.2;0.9;0.6;1.2;1.6;6.4
11;Giannis Antetokounmpo;PF;29;MIL;73;73;35.2;11.5;18.8;0.611;0.5;1.7;0.274;11;17.1;0.645;0.624;7;10.7;0.657;2.7;8.8;11.5;6.5;1.2;1.1;3.4;2.9;30.4
12;Thanasis Antetokounmpo;PF;31;MIL;34;0;4.6;0.5;0.9;0.533;0;0;0;0.5;0.9;0.552;0.533;0;0.1;0;0.2;0.2;0.4;0.5;0.2;0.1;0.4;0.7;0.9
13;Cole Anthony;PG;23;ORL;81;0;22.4;4.1;9.4;0.435;1.1;3.4;0.338;3;6;0.49;0.496;2.2;2.7;0.826;0.8;3;3.8;2.9;0.8;0.5;1.6;2.2;11.6
14;OG Anunoby;SF;26;TOT;50;50;34;5.6;11.5;0.489;2;5.3;0.382;3.6;6.2;0.581;0.577;1.3;1.8;0.753;0.9;3.2;4.2;2.1;1.4;0.7;1.6;2.4;14.7
14;OG Anunoby;SF;26;TOR;27;27;33.3;5.8;11.9;0.489;2.3;6;0.374;3.6;5.9;0.608;0.584;1.2;1.7;0.717;0.9;3;3.9;2.7;1;0.5;1.6;2.3;15.1
14;OG Anunoby;SF;26;NYK;23;23;34.9;5.4;11.1;0.488;1.8;4.5;0.394;3.7;6.6;0.553;0.568;1.5;1.9;0.791;1;3.4;4.4;1.5;1.7;1;1.7;2.5;14.1
15;Ryan Arcidiacono;PG;29;NYK;20;0;2.3;0;0.3;0;0;0.3;0;0;0;0;0;0;0;0;0;0.4;0.4;0.2;0.1;0;0.1;0.3;0
16;Deni Avdija;SF;23;WAS;75;75;30.1;5.4;10.7;0.506;1.2;3.1;0.374;4.2;7.6;0.56;0.56;2.7;3.6;0.74;1.1;6.1;7.2;3.8;0.8;0.5;2.1;2.5;14.7
17;Deandre Ayton;C;25;POR;55;55;32.4;7.8;13.6;0.57;0;0.2;0.1;7.7;13.4;0.576;0.571;1.2;1.4;0.823;3.2;7.9;11.1;1.6;1;0.8;1.8;2;16.7
18;Udoka Azubuike;C;24;PHO;16;0;7.1;1;1.4;0.696;0;0;0;1;1.4;0.696;0.696;0.2;0.8;0.231;0.7;1.3;2;0.2;0.1;0.4;0.3;1.1;2.2
19;Ibou Badji;C;21;POR;22;1;10.3;0.6;1;0.636;0;0;0;0.6;1;0.636;0.636;0.3;0.5;0.5;0.9;1.4;2.3;0.6;0.1;0.9;0.7;2.1;1.5
20;Marvin Bagley III;C;24;TOT;50;25;21.1;4.8;8.2;0.586;0.2;0.5;0.391;4.6;7.7;0.597;0.597;1.9;2.5;0.762;2.6;3.6;6.2;1.1;0.4;0.7;1.2;1.6;11.7
20;Marvin Bagley III;C;24;DET;26;10;18.4;4.1;7;0.591;0;0.2;0.167;4.1;6.7;0.606;0.594;1.9;2.3;0.82;1.8;2.8;4.5;1;0.2;0.5;1.1;1.5;10.2
20;Marvin Bagley III;C;24;WAS;24;15;24;5.5;9.5;0.581;0.3;0.7;0.471;5.2;8.8;0.59;0.599;1.9;2.7;0.708;3.5;4.6;8.1;1.2;0.6;0.8;1.3;1.7;13.3
21;Amari Bailey;PG;19;CHO;10;0;6.5;0.8;2.4;0.333;0.1;0.8;0.125;0.7;1.6;0.438;0.354;0.6;0.7;0.857;0.6;0.3;0.9;0.7;0.3;0;0.4;0.2;2.3
22;Patrick Baldwin Jr.;SF;21;WAS;38;7;13;1.6;4.1;0.381;0.8;2.6;0.32;0.7;1.5;0.483;0.481;0.5;0.7;0.679;0.4;2.8;3.2;0.8;0.5;0.4;0.5;1.5;4.4
23;LaMelo Ball;PG;22;CHO;22;22;32.3;8.3;19.2;0.433;3.2;9;0.355;5.1;10.3;0.5;0.515;4.1;4.7;0.865;1.3;3.8;5.1;8;1.8;0.2;3.8;3.6;23.9
24;Mo Bamba;C;25;PHI;57;17;13;1.7;3.5;0.49;0.4;1.1;0.391;1.3;2.4;0.537;0.553;0.6;0.9;0.68;1.4;2.8;4.2;0.7;0.4;1.1;0.7;1.8;4.4
25;Paolo Banchero;PF;21;ORL;80;80;35;8;17.6;0.455;1.5;4.4;0.339;6.5;13.2;0.493;0.497;5.1;7;0.725;1;5.9;6.9;5.4;0.9;0.6;3.1;1.9;22.6
26;Desmond Bane;SG;25;MEM;42;42;34.4;8.6;18.5;0.464;3.3;8.6;0.381;5.3;9.9;0.536;0.552;3.3;3.8;0.87;0.9;3.5;4.4;5.5;1;0.5;2.7;2.9;23.7
27;Dalano Banton;PG;24;TOT;54;9;19.4;3.7;9.3;0.404;1.1;3.7;0.296;2.6;5.6;0.475;0.463;1.7;2.2;0.783;0.8;2.5;3.3;2.4;0.6;0.4;1.4;1.2;10.3
27;Dalano Banton;PG;24;BOS;24;1;7.1;0.8;2.1;0.373;0.1;0.7;0.125;0.7;1.5;0.486;0.392;0.7;0.8;0.8;0.5;1;1.5;0.8;0.2;0.1;0.4;0.8;2.3
27;Dalano Banton;PG;24;POR;30;8;29.2;6.1;15;0.408;1.9;6.1;0.311;4.2;8.9;0.474;0.471;2.6;3.3;0.78;1;3.8;4.8;3.6;0.9;0.6;2.2;1.5;16.7
28;Dominick Barlow;PF;20;SAS;33;1;12.7;1.7;3.4;0.496;0.1;0.3;0.333;1.6;3.2;0.51;0.509;0.9;1.3;0.69;1.4;2.1;3.4;1.1;0.4;0.4;0.3;1.4;4.4
29;Harrison Barnes;PF;31;SAC;82;82;29;4.2;8.9;0.474;1.8;4.7;0.387;2.4;4.2;0.571;0.576;1.9;2.4;0.801;0.8;2.2;3;1.2;0.7;0.1;0.7;1.2;12.2
30;Scottie Barnes;SG;22;TOR;60;60;34.9;7.5;15.7;0.475;1.7;4.9;0.341;5.8;10.8;0.536;0.528;3.3;4.2;0.781;2.4;5.9;8.2;6.1;1.3;1.5;2.8;2;19.9
31;RJ Barrett;SG;23;TOT;58;58;31.7;7.5;15.2;0.495;1.6;4.3;0.36;6;10.9;0.549;0.547;3.6;5;0.715;0.9;4.5;5.4;3.3;0.5;0.4;2.2;2.2;20.2
31;RJ Barrett;SG;23;NYK;26;26;29.5;6.3;14.9;0.423;1.7;5;0.331;4.7;9.9;0.469;0.478;4;4.8;0.831;0.7;3.5;4.3;2.4;0.5;0.3;1.8;1.7;18.2
31;RJ Barrett;SG;23;TOR;32;32;33.5;8.5;15.4;0.553;1.5;3.8;0.392;7;11.6;0.605;0.601;3.3;5.2;0.629;1.1;5.3;6.4;4.1;0.6;0.4;2.5;2.6;21.8
32;Charles Bassey;C;23;SAS;19;0;10.8;1.5;2.1;0.725;0;0.1;0;1.5;2.1;0.744;0.725;0.3;0.3;0.833;1.2;2.8;4;1.1;0.4;0.9;0.8;1.6;3.3
33;Emoni Bates;SF;20;CLE;15;0;8.9;1;3.3;0.306;0.7;2.2;0.303;0.3;1.1;0.313;0.408;0.1;0.3;0.25;0.1;0.9;0.9;0.7;0.1;0.1;0.5;0.3;2.7
34;Keita Bates-Diop;SF;28;TOT;53;8;12.5;1.4;3.1;0.434;0.4;1.3;0.304;1;1.8;0.526;0.497;0.6;0.8;0.762;0.6;1.5;2.1;0.7;0.5;0.4;0.3;0.7;3.7
34;Keita Bates-Diop;SF;28;PHO;39;8;15.3;1.6;3.8;0.427;0.5;1.6;0.313;1.1;2.2;0.512;0.493;0.7;0.9;0.722;0.8;1.8;2.6;0.9;0.6;0.5;0.3;0.8;4.5
34;Keita Bates-Diop;SF;28;BRK;14;0;4.9;0.6;1.1;0.5;0.1;0.4;0.2;0.5;0.8;0.636;0.531;0.4;0.4;1;0.1;0.6;0.6;0.3;0.2;0.1;0.1;0.1;1.6
35;Nicolas Batum;PF;35;TOT;60;38;25.5;1.9;4.3;0.453;1.2;3.1;0.395;0.7;1.2;0.606;0.596;0.3;0.4;0.714;1.2;3;4.1;2.1;0.8;0.6;0.7;1.8;5.3
35;Nicolas Batum;PF;35;LAC;3;0;18;1;2.7;0.375;0.7;2.3;0.286;0.3;0.3;1;0.5;0;0;0;0;2.3;2.3;1.7;1;1.3;0.3;1.7;2.7
35;Nicolas Batum;PF;35;PHI;57;38;25.9;2;4.4;0.456;1.2;3.1;0.399;0.7;1.2;0.6;0.599;0.3;0.4;0.714;1.2;3;4.2;2.2;0.8;0.6;0.7;1.8;5.5
36;Darius Bazley;PF;23;TOT;9;0;16.9;2;3.3;0.6;0.2;0.9;0.25;1.8;2.4;0.727;0.633;1.1;1.3;0.833;0.9;2.2;3.1;0.8;0.7;0.8;0.9;0.3;5.3
36;Darius Bazley;PF;23;PHI;3;0;3.3;0;0.3;0;0;0;0;0;0.3;0;0;0;0;0;0;0.3;0.3;0.7;0;0;0.3;0;0
36;Darius Bazley;PF;23;UTA;6;0;23.7;3;4.8;0.621;0.3;1.3;0.25;2.7;3.5;0.762;0.655;1.7;2;0.833;1.3;3.2;4.5;0.8;1;1.2;1.2;0.5;8
37;Bradley Beal;SG;30;PHO;53;53;33.3;7.1;13.9;0.513;1.9;4.4;0.43;5.2;9.4;0.552;0.582;2.1;2.5;0.813;1;3.4;4.4;5;1;0.5;2.5;2.4;18.2
38;Malik Beasley;SG;27;MIL;79;77;29.6;4.1;9.1;0.443;2.8;6.9;0.413;1.2;2.3;0.533;0.598;0.3;0.4;0.714;0.5;3.2;3.7;1.4;0.7;0.1;0.7;2;11.3
39;MarJon Beauchamp;SF;23;MIL;48;1;12.7;1.7;3.5;0.488;0.6;1.6;0.4;1.1;1.9;0.56;0.578;0.4;0.6;0.679;0.5;1.6;2.1;0.6;0.3;0.1;0.6;1.1;4.4
40;Jules Bernard;SG;24;WAS;19;0;7.8;1.5;3.4;0.453;0.6;1.5;0.379;0.9;1.8;0.514;0.539;0.3;0.5;0.556;0.5;0.8;1.4;0.8;0.2;0.1;0.4;0.7;3.9
41;D?vis Bert?ns;PF;31;TOT;43;1;15.7;2.1;5.4;0.393;1.8;4.7;0.38;0.4;0.8;0.471;0.556;0.7;0.8;0.909;0.2;1.2;1.4;0.8;0.6;0.3;0.4;1.3;6.7
41;D?vis Bert?ns;PF;31;OKC;15;0;6.1;0.7;1.7;0.385;0.7;1.6;0.417;0;0.1;0;0.577;0.9;1;0.933;0.1;0.5;0.7;0.6;0.2;0.2;0.1;0.7;2.9
41;D?vis Bert?ns;PF;31;CHO;28;1;20.8;2.9;7.4;0.394;2.4;6.3;0.375;0.6;1.1;0.5;0.553;0.6;0.6;0.889;0.3;1.6;1.8;0.9;0.8;0.3;0.6;1.6;8.8
42;Patrick Beverley;PG;35;TOT;73;13;20;2.2;5.2;0.417;0.8;2.5;0.337;1.3;2.7;0.49;0.497;1;1.2;0.822;0.7;2.6;3.3;2.9;0.6;0.4;0.9;1.8;6.2
42;Patrick Beverley;PG;35;PHI;47;5;19.6;2.2;5.1;0.432;0.7;2.3;0.321;1.5;2.8;0.523;0.504;1.1;1.3;0.81;0.6;2.4;3.1;3.1;0.5;0.4;1;1.8;6.3
42;Patrick Beverley;PG;35;MIL;26;8;20.9;2.1;5.3;0.391;1;2.8;0.361;1.1;2.5;0.424;0.486;0.9;1;0.852;0.7;2.9;3.6;2.6;0.7;0.5;0.6;1.7;6
43;Saddiq Bey;SF;24;ATL;63;51;32.7;4.6;11.1;0.416;1.8;5.7;0.316;2.8;5.4;0.522;0.497;2.7;3.2;0.837;2.7;3.9;6.5;1.5;0.8;0.2;0.9;1.4;13.7
44;Goga Bitadze;C;24;ORL;62;33;15.4;2;3.4;0.603;0;0.2;0.143;2;3.1;0.636;0.608;0.9;1.4;0.655;1.8;2.9;4.6;1.3;0.5;1.2;0.7;1.7;5
45;Onuralp Bitim;SG;24;CHI;23;1;11.7;1.4;3.7;0.381;0.5;1.9;0.273;0.9;1.7;0.5;0.452;0.2;0.2;0.8;0.3;1.1;1.4;0.6;0.1;0.1;0.4;1;3.5
46;Bismack Biyombo;C;31;TOT;40;27;19.8;1.9;3.3;0.565;0;0;0;1.9;3.3;0.565;0.565;0.7;1.4;0.481;1.6;3.7;5.2;1.3;0.3;0.9;1.1;2.2;4.4
46;Bismack Biyombo;C;31;MEM;30;27;23.9;2.2;4;0.563;0;0;0;2.2;4;0.563;0.563;0.7;1.5;0.478;1.9;4.5;6.4;1.7;0.3;1.1;1.3;2.7;5.2
46;Bismack Biyombo;C;31;OKC;10;0;7.3;0.7;1.2;0.583;0;0;0;0.7;1.2;0.583;0.583;0.4;0.8;0.5;0.5;1.3;1.8;0.2;0.1;0.3;0.4;0.7;1.8
47;Anthony Black;PG;20;ORL;69;33;16.9;1.7;3.6;0.466;0.5;1.4;0.394;1.1;2.2;0.51;0.54;0.7;1.2;0.613;0.5;1.5;2;1.3;0.5;0.3;0.8;1.6;4.6
48;Leaky Black;SF;24;CHO;26;3;10.9;1;2;0.481;0.3;0.8;0.45;0.6;1.2;0.5;0.567;0.4;0.6;0.667;0.3;1.5;1.8;0.9;0.3;0.4;0.2;0.7;2.7
49;Buddy Boeheim;SF;24;DET;10;0;8.4;0.9;2.9;0.31;0.8;2.5;0.32;0.1;0.4;0.25;0.448;0.8;1;0.8;0.3;0.7;1;0.3;0;0.1;0;0.5;3.4
50;Bogdan Bogdanovi?;SG;31;ATL;79;33;30.4;6;13.9;0.428;3;8.1;0.374;2.9;5.8;0.503;0.537;1.9;2.1;0.921;0.7;2.8;3.4;3.1;1.2;0.3;1.4;2.3;16.9
51;Bojan Bogdanovi?;SF-PF;34;TOT;57;27;25.9;5.4;11.9;0.454;2.3;5.9;0.398;3.1;6.1;0.507;0.551;2.1;2.6;0.785;0.4;2.3;2.7;1.7;0.5;0.1;1.8;1.7;15.2
51;Bojan Bogdanovi?;PF;34;DET;28;27;32.9;7.1;15.2;0.468;3.1;7.4;0.415;4;7.8;0.518;0.569;2.9;3.7;0.779;0.5;2.9;3.4;2.5;0.8;0.1;2.3;2;20.2
51;Bojan Bogdanovi?;SF;34;NYK;29;0;19.2;3.8;8.8;0.43;1.6;4.4;0.37;2.2;4.4;0.488;0.521;1.2;1.6;0.8;0.3;1.7;2;0.9;0.2;0;1.3;1.3;10.4
52;Bol Bol;PF;24;PHO;43;0;10.9;2.2;3.5;0.616;0.5;1.2;0.423;1.7;2.3;0.717;0.689;0.3;0.4;0.789;0.7;2.4;3.2;0.4;0.2;0.6;0.4;1;5.2
53;Marques Bolden;C;25;TOT;11;2;11;1.5;2.3;0.68;0;0.1;0;1.5;2.2;0.708;0.68;0.3;0.4;0.75;0.9;2.2;3.1;0.4;0.3;0.6;0.3;0.9;3.4
53;Marques Bolden;C;25;MIL;2;0;1.5;0;0;0;0;0;0;0;0;0;0;0;0;0;0;1;1;0;0;0;0;0.5;0
53;Marques Bolden;C;25;CHO;9;2;13.1;1.9;2.8;0.68;0;0.1;0;1.9;2.7;0.708;0.68;0.3;0.4;0.75;1.1;2.4;3.6;0.4;0.3;0.8;0.3;1;4.1
54;Devin Booker;PG;27;PHO;68;68;36;9.4;19.2;0.492;2.2;6.1;0.364;7.2;13;0.552;0.55;6;6.7;0.886;0.8;3.7;4.5;6.9;0.9;0.4;2.6;3;27.1
55;Brandon Boston Jr.;SF;22;LAC;32;0;10.8;2;5;0.404;0.4;1.6;0.269;1.6;3.4;0.468;0.447;0.7;1;0.697;0.6;1;1.6;0.4;0.3;0.3;0.8;1.3;5.2
56;Chris Boucher;PF;31;TOR;50;0;14.1;2.2;4.3;0.507;0.6;1.9;0.33;1.6;2.5;0.642;0.578;1.4;1.8;0.772;1.2;2.9;4.1;0.5;0.3;0.5;0.6;1.4;6.4
57;James Bouknight;SG;23;CHO;14;0;5.8;1.3;2.9;0.439;0.9;2.1;0.433;0.4;0.8;0.455;0.598;0.1;0.1;0.5;0.1;0.6;0.6;0.4;0.1;0.1;0.1;0.2;3.6
58;Jamaree Bouyea;PG;24;TOT;9;0;10.6;1.1;3.1;0.357;0.1;1;0.111;1;2.1;0.474;0.375;0;0;0;0.3;1.8;2.1;1.2;0.1;0;1;1.1;2.3
58;Jamaree Bouyea;PG;24;POR;6;0;9.5;0.8;3.5;0.238;0;1.3;0;0.8;2.2;0.385;0.238;0;0;0;0.3;1.3;1.7;1.3;0;0;1.3;0.5;1.7
58;Jamaree Bouyea;PG;24;SAS;3;0;12.7;1.7;2.3;0.714;0.3;0.3;1;1.3;2;0.667;0.786;0;0;0;0.3;2.7;3;1;0.3;0;0.3;2.3;3.7
59;Malaki Branham;PG;20;SAS;75;29;21.3;3.6;8.4;0.432;1.2;3.6;0.347;2.4;4.8;0.494;0.506;0.7;0.8;0.873;0.4;1.6;2;2.1;0.4;0.1;1.2;1.3;9.2
60;Christian Braun;SG;22;DEN;82;4;20.2;2.7;5.9;0.46;0.8;2;0.384;1.9;3.9;0.498;0.525;1.1;1.6;0.694;1;2.8;3.7;1.6;0.5;0.4;0.7;1.7;7.3
61;Mikal Bridges;SF;27;BRK;82;82;34.8;6.9;15.8;0.436;2.7;7.2;0.372;4.2;8.6;0.49;0.521;3.1;3.9;0.814;0.8;3.7;4.5;3.6;1;0.4;2;1.4;19.6
62;Miles Bridges;SF;25;CHO;69;67;37.4;8.1;17.5;0.462;2.3;6.5;0.349;5.8;11;0.529;0.527;2.5;3.1;0.825;1;6.3;7.3;3.3;0.9;0.5;2;1.7;21
63;Oshae Brissett;SF;25;BOS;55;1;11.5;1.2;2.8;0.444;0.3;1;0.273;1;1.8;0.541;0.493;0.9;1.5;0.602;1.1;1.8;2.9;0.8;0.3;0.1;0.4;1;3.7
64;Izaiah Brockington;PG;24;NOP;1;0;3;2;5;0.4;0;1;0;2;4;0.5;0.4;0;0;0;1;1;2;0;0;0;0;0;4
65;Malcolm Brogdon;PG;31;POR;39;25;28.7;5.6;12.7;0.44;2.1;5.1;0.412;3.5;7.6;0.458;0.522;2.4;3;0.819;0.7;3.1;3.8;5.5;0.7;0.2;1.5;1.5;15.7
66;Armoni Brooks;PG;25;BRK;10;0;10.4;1.5;4.6;0.326;1.1;3.2;0.344;0.4;1.4;0.286;0.446;0.1;0.2;0.5;0.7;1.1;1.8;0.5;0.1;0.1;0.3;0.3;4.2
67;Dillon Brooks;SF;28;HOU;72;72;30.9;4.6;10.7;0.428;1.8;5.1;0.359;2.7;5.5;0.492;0.515;1.7;2;0.844;0.7;2.7;3.4;1.7;0.9;0.1;1.2;3.3;12.7
68;Bruce Brown;PG-SG;27;TOT;67;44;27.9;4.1;8.7;0.478;0.8;2.4;0.323;3.4;6.2;0.538;0.523;1.7;2.1;0.824;0.8;3.4;4.2;2.9;0.9;0.3;1.3;2.2;10.8
68;Bruce Brown;SG;27;IND;33;33;29.7;4.5;9.5;0.475;1;3.1;0.327;3.5;6.5;0.545;0.527;2;2.5;0.817;0.8;3.9;4.7;3;1.1;0.2;1.2;2.5;12.1
68;Bruce Brown;PG;27;TOR;34;11;26;3.8;7.9;0.481;0.6;1.9;0.317;3.2;6;0.532;0.519;1.5;1.8;0.833;0.8;3;3.8;2.7;0.7;0.3;1.3;2;9.6
69;Charlie Brown Jr.;SG;26;NYK;8;0;4.6;0.3;1.3;0.2;0.3;0.9;0.286;0;0.4;0;0.3;0;0;0;0.1;0.1;0.3;0;0;0.3;0.3;0.6;0.8
70;Greg Brown III;PF;22;DAL;6;0;6.7;0.8;1.8;0.455;0.2;0.5;0.333;0.7;1.3;0.5;0.5;0.7;1.5;0.444;0.5;1;1.5;0.7;0;0.7;0.7;0.8;2.5
71;Jaylen Brown;SF;27;BOS;70;70;33.5;9;17.9;0.499;2.1;5.9;0.354;6.9;12.1;0.57;0.557;3;4.3;0.703;1.2;4.3;5.5;3.6;1.2;0.5;2.4;2.6;23
72;Kendall Brown;SG;20;IND;15;0;4.2;0.5;1;0.533;0;0.1;0;0.5;0.9;0.615;0.533;0.3;0.5;0.625;0.2;0.1;0.3;0.3;0;0;0.1;0.6;1.4
73;Kobe Brown;PF;24;LAC;44;0;9;0.8;2;0.411;0.3;1.1;0.292;0.5;1;0.548;0.489;0;0;0.5;0.5;1;1.4;0.6;0.3;0.1;0.2;1.1;2
74;Moses Brown;C;24;POR;22;5;9.1;1.5;3;0.508;0;0;0;1.5;3;0.508;0.508;0.4;1.4;0.29;1.7;2.2;3.9;0.3;0.2;0.3;0.5;1.2;3.4
75;Troy Brown Jr.;SF;24;TOT;59;15;14;1.4;3.8;0.372;0.8;2.4;0.333;0.6;1.4;0.435;0.476;0.5;0.6;0.865;0.4;2;2.4;1;0.4;0.1;0.5;0.7;4.2
75;Troy Brown Jr.;SF;24;MIN;37;3;11.1;1.4;3.2;0.441;0.8;2.3;0.369;0.6;0.9;0.618;0.572;0.5;0.6;0.864;0.4;1.6;1.9;0.9;0.2;0.1;0.5;0.7;4.2
75;Troy Brown Jr.;SF;24;DET;22;12;19;1.5;4.9;0.296;0.7;2.6;0.281;0.7;2.3;0.314;0.37;0.6;0.7;0.867;0.5;2.8;3.3;1.1;0.7;0;0.5;0.7;4.2
76;Jalen Brunson;PG;27;NYK;77;77;35.4;10.3;21.4;0.479;2.7;6.8;0.401;7.5;14.6;0.516;0.543;5.5;6.5;0.847;0.6;3.1;3.6;6.7;0.9;0.2;2.4;1.9;28.7
77;Thomas Bryant;C;26;MIA;38;4;11.6;2.3;3.9;0.577;0.1;0.6;0.182;2.2;3.3;0.646;0.591;1.1;1.2;0.872;1.1;2.7;3.7;0.6;0.3;0.4;0.6;1.2;5.7
78;Kobe Bufkin;SG;20;ATL;17;0;11.5;2;5.4;0.37;0.5;2.4;0.225;1.5;3.1;0.481;0.418;0.2;0.5;0.5;0.4;1.6;1.9;1.6;0.4;0.3;0.6;1.2;4.8
79;Reggie Bullock;SF;32;HOU;44;0;9.5;0.8;1.9;0.415;0.6;1.5;0.403;0.2;0.3;0.467;0.579;0;0;1;0.1;1.5;1.7;0.3;0.3;0.1;0.2;0.7;2.2
80;Alec Burks;SG;32;TOT;66;1;18.4;3.2;8.6;0.369;1.9;5;0.376;1.3;3.6;0.36;0.478;2.2;2.5;0.868;0.4;1.9;2.3;1.3;0.4;0.2;0.7;1.1;10.4
80;Alec Burks;SG;32;DET;43;0;21;3.7;9.4;0.394;2.3;5.7;0.401;1.4;3.7;0.384;0.516;2.8;3.1;0.903;0.4;2.2;2.6;1.6;0.5;0.3;0.7;1.5;12.6
80;Alec Burks;SG;32;NYK;23;1;13.5;2.2;7.1;0.307;1.1;3.6;0.301;1.1;3.5;0.313;0.383;1;1.4;0.727;0.3;1.4;1.7;0.9;0.3;0;0.7;0.5;6.5
81;Jared Butler;SG;23;WAS;40;0;14.2;2.5;5;0.488;0.6;2;0.308;1.9;3.1;0.602;0.547;0.8;0.9;0.861;0.2;1.2;1.5;3.2;0.7;0.2;1.3;1.5;6.3
82;Jimmy Butler;PF;34;MIA;60;60;34;6.6;13.2;0.499;1;2.4;0.414;5.6;10.8;0.519;0.537;6.6;7.7;0.858;1.8;3.6;5.3;5;1.3;0.3;1.7;1.1;20.8
83;Jamal Cain;PF;24;MIA;26;1;10;1.3;3;0.43;0.4;1.2;0.355;0.9;1.8;0.479;0.5;0.7;0.9;0.783;0.6;0.8;1.4;0.4;0.4;0.2;0.3;0.8;3.7
84;Kentavious Caldwell-Pope;SG;30;DEN;76;76;31.6;3.6;7.7;0.46;1.6;4.1;0.406;1.9;3.7;0.52;0.566;1.3;1.5;0.894;0.4;2;2.4;2.4;1.3;0.6;1;2;10.1
85;Toumani Camara;PF;23;POR;70;49;24.8;2.8;6.3;0.45;0.8;2.5;0.337;2;3.8;0.523;0.516;1.1;1.4;0.758;2;2.9;4.9;1.2;0.9;0.5;1.2;2.5;7.5
86;Clint Capela;C;29;ATL;73;73;25.8;4.8;8.5;0.571;0;0;0;4.8;8.5;0.572;0.571;1.8;2.8;0.631;4.6;6;10.6;1.2;0.6;1.5;1;2.2;11.5
87;Jevon Carter;PG;28;CHI;72;0;13.9;1.9;5.1;0.378;1.1;3.3;0.329;0.8;1.8;0.466;0.484;0.1;0.1;0.571;0.2;0.7;0.8;1.3;0.5;0.2;0.5;1;5
88;Wendell Carter Jr.;C;24;ORL;55;48;25.6;4.1;7.7;0.525;1.2;3.1;0.374;2.9;4.6;0.626;0.6;1.7;2.4;0.694;2;4.9;6.9;1.7;0.6;0.5;1.2;2.2;11
89;D.J. Carton;SG;23;TOR;4;0;9;0.8;2;0.375;0.3;1;0.25;0.5;1;0.5;0.438;1;1.3;0.8;0.5;0.5;1;0.8;0.3;0;0.3;0.8;2.8
90;Alex Caruso;SG;29;CHI;71;57;28.7;3.6;7.6;0.468;1.9;4.7;0.408;1.6;2.9;0.563;0.593;1;1.4;0.76;0.9;3;3.8;3.5;1.7;1;1.4;2.5;10.1
91;Colin Castleton;C;23;LAL;16;0;3.7;0.6;1;0.563;0;0;0;0.6;1;0.563;0.563;0.4;0.4;1;0.4;0.4;0.8;0.2;0.1;0;0.2;0.7;1.5
92;Malcolm Cazalon;SG;22;DET;1;0;3;0;0;0;0;0;0;0;0;0;0;0;0;0;0;0;0;0;0;0;0;0;0
93;Julian Champagnie;SF;22;SAS;74;59;19.8;2.2;5.4;0.408;1.4;3.7;0.365;0.9;1.7;0.504;0.534;1;1.2;0.815;0.6;2.2;2.8;1.4;0.6;0.6;0.8;1;6.8
94;Justin Champagnie;SF;22;WAS;15;1;15.7;2.1;5.2;0.41;0.9;3;0.289;1.3;2.2;0.576;0.494;0.8;1;0.8;1.3;2.3;3.5;1.3;0.7;0.6;0.7;0.9;5.9
95;Max Christie;SG;20;LAL;67;7;14.1;1.5;3.6;0.427;0.6;1.8;0.356;0.9;1.8;0.496;0.515;0.5;0.7;0.783;0.2;1.9;2.1;0.9;0.3;0.3;0.5;0.9;4.2
96;Sidy Cissoko;SF;19;SAS;12;0;11.8;1.3;2.8;0.485;0.1;1;0.083;1.3;1.8;0.714;0.5;1;1.3;0.8;0.7;1.2;1.8;0.8;0.6;0.3;0.3;1.5;3.8
97;Brandon Clarke;PF;27;MEM;6;1;22.3;5.5;9.8;0.559;0.2;1;0.167;5.3;8.8;0.604;0.568;0.2;1.2;0.143;2.2;3.2;5.3;1.5;0.8;1;0.5;1.3;11.3
98;Jordan Clarkson;SG;31;UTA;55;19;30.6;6.1;14.8;0.413;1.7;5.6;0.294;4.5;9.2;0.485;0.469;3.2;3.7;0.881;0.9;2.5;3.4;5;0.6;0.1;2.7;1.5;17.1
99;Nic Claxton;C;24;BRK;71;71;29.8;5.2;8.2;0.629;0;0.1;0.2;5.1;8.1;0.633;0.63;1.5;2.8;0.551;2.7;7.2;9.9;2.1;0.6;2.1;1.3;2.5;11.8
100;Noah Clowney;PF;19;BRK;23;4;16.1;2.2;4;0.538;0.5;1.4;0.364;1.7;2.6;0.633;0.602;0.9;1.3;0.7;1.1;2.4;3.5;0.8;0.3;0.7;0.7;1.1;5.8
101;Amir Coffey;SF;26;LAC;70;13;20.9;2.4;5;0.472;1;2.6;0.38;1.4;2.4;0.571;0.571;0.9;1;0.859;0.4;1.7;2.1;1.1;0.6;0.2;0.5;1.5;6.6
102;John Collins;PF;26;UTA;68;66;28;5.8;11;0.532;1.3;3.4;0.371;4.6;7.6;0.605;0.59;2.2;2.7;0.795;2.3;6.1;8.5;1.1;0.6;0.9;1.4;2.8;15.1
103;Zach Collins;C;26;SAS;69;29;22.1;4.3;8.9;0.484;0.8;2.6;0.32;3.5;6.3;0.552;0.531;1.8;2.3;0.753;1.7;3.7;5.4;2.8;0.5;0.8;1.9;3;11.2
104;Mike Conley;PG;36;MIN;76;76;28.9;3.9;8.5;0.457;2.4;5.3;0.442;1.5;3.1;0.481;0.595;1.3;1.5;0.911;0.5;2.4;2.9;5.9;1.2;0.2;1.3;1.7;11.4
105;Pat Connaughton;SF;31;MIL;76;3;22.1;2;4.6;0.435;1.1;3.1;0.345;0.9;1.4;0.633;0.553;0.6;0.8;0.759;0.7;2.5;3.1;2.1;0.5;0.3;0.6;1.3;5.6
106;Bilal Coulibaly;SF;19;WAS;63;15;27.2;3;6.9;0.435;1;2.9;0.346;2;3.9;0.502;0.509;1.5;2.1;0.702;0.9;3.2;4.1;1.7;0.9;0.8;1.4;2.2;8.4
107;Ricky Council IV;SG;22;PHI;32;0;9;1.7;3.5;0.482;0.4;1;0.375;1.3;2.5;0.525;0.536;1.7;2.2;0.746;0.4;1;1.4;0.5;0.3;0;0.2;0.5;5.4
108;Robert Covington;SF-PF;33;TOT;29;6;16.8;1.5;3.4;0.439;0.7;1.9;0.339;0.8;1.4;0.571;0.536;0.8;0.9;0.846;1.1;2.3;3.3;0.8;1.3;0.6;0.4;1.9;4.4
108;Robert Covington;PF;33;LAC;3;3;23;1;3;0.333;0.7;2.7;0.25;0.3;0.3;1;0.444;0.3;0.7;0.5;0.7;2;2.7;2.3;2;0.7;0;2.3;3
108;Robert Covington;SF;33;PHI;26;3;16.1;1.5;3.4;0.449;0.7;1.8;0.354;0.9;1.6;0.561;0.545;0.8;0.9;0.875;1.1;2.3;3.4;0.7;1.3;0.6;0.4;1.9;4.5
109;Torrey Craig;SF;33;CHI;53;14;19.8;2;4.7;0.43;1.1;2.9;0.392;0.9;1.8;0.49;0.55;0.5;0.7;0.75;1.3;2.8;4.1;1.1;0.6;0.4;0.6;2.1;5.7
110;Jae Crowder;PF;33;MIL;50;25;23.1;2.3;5.4;0.422;1.2;3.3;0.349;1.1;2.1;0.538;0.53;0.5;0.7;0.722;0.6;2.6;3.2;1.3;0.8;0.2;0.5;1.5;6.2
111;Jalen Crutcher;PG;24;NOP;1;0;3;0;1;0;0;0;0;0;1;0;0;0;0;0;0;0;0;0;0;0;0;0;0
112;Cade Cunningham;PG;22;DET;62;62;33.5;8.5;18.8;0.449;1.9;5.4;0.355;6.5;13.4;0.487;0.5;3.8;4.4;0.869;0.5;3.8;4.3;7.5;0.9;0.4;3.4;2.5;22.7
113;Seth Curry;SG;33;TOT;44;4;14;1.8;4.6;0.392;0.9;2.5;0.352;1;2.2;0.438;0.485;0.6;0.7;0.903;0.4;1.1;1.5;1;0.5;0.1;0.5;0.9;5.1
113;Seth Curry;SG;33;DAL;36;3;12.7;1.5;4;0.372;0.8;2.2;0.363;0.7;1.8;0.385;0.472;0.5;0.5;0.895;0.4;1;1.4;0.8;0.5;0.1;0.4;0.9;4.3
113;Seth Curry;SG;33;CHO;8;1;19.9;3.3;7.4;0.441;1.1;3.5;0.321;2.1;3.9;0.548;0.517;1.4;1.5;0.917;0.4;1.6;2;1.8;0.6;0.4;0.6;0.9;9
114;Stephen Curry;PG;35;GSW;74;74;32.7;8.8;19.5;0.45;4.8;11.8;0.408;4;7.7;0.515;0.573;4;4.4;0.923;0.5;4;4.5;5.1;0.7;0.4;2.8;1.6;26.4
115;Dyson Daniels;PG;20;NOP;61;16;22.3;2.3;5.1;0.447;0.7;2.2;0.311;1.6;2.9;0.551;0.514;0.6;0.9;0.642;1;2.9;3.9;2.7;1.4;0.4;1;1.7;5.8
116;Anthony Davis;C;30;LAL;76;76;35.5;9.4;16.9;0.556;0.4;1.4;0.271;9;15.5;0.582;0.567;5.5;6.8;0.816;3.1;9.5;12.6;3.5;1.2;2.3;2.1;2.3;24.7
117;Johnny Davis;SG;21;WAS;50;6;12.3;1.2;3.1;0.403;0.3;0.8;0.35;1;2.3;0.421;0.448;0.3;0.5;0.583;0.4;1.1;1.4;0.6;0.4;0.2;0.3;1.1;3
118;JD Davison;SG;21;BOS;8;0;4.9;0.6;1.5;0.417;0.4;0.9;0.429;0.3;0.6;0.4;0.542;0.4;0.5;0.75;0.3;1;1.3;1.3;0.1;0.1;0.3;0.5;2
119;Dexter Dennis;SG;24;DAL;4;0;7.5;2.5;4.8;0.526;0.3;2;0.125;2.3;2.8;0.818;0.553;0.3;0.8;0.333;0.3;2;2.3;1;0;0.3;0.8;0.3;5.5
120;DeMar DeRozan;SF;34;CHI;79;79;37.8;8.2;17.2;0.48;0.9;2.8;0.333;7.3;14.3;0.509;0.507;6.6;7.7;0.853;0.5;3.8;4.3;5.3;1.1;0.6;1.7;2;24
121;Moussa Diabaté;C;22;LAC;11;0;5.8;0.9;1.7;0.526;0;0;0;0.9;1.7;0.526;0.526;0.8;1.3;0.643;1.4;0.8;2.2;0.4;0.5;0.1;0.2;0.4;2.6
122;Mamadi Diakite;PF;27;TOT;6;0;4;0.7;1;0.667;0;0.2;0;0.7;0.8;0.8;0.667;0.7;1;0.667;0.2;0.5;0.7;0.3;0.2;0.2;0.2;0.3;2
122;Mamadi Diakite;PF;27;SAS;3;0;5.3;1.3;1.7;0.8;0;0;0;1.3;1.7;0.8;0.8;1.3;2;0.667;0.3;0.7;1;0.7;0;0.3;0;0.3;4
122;Mamadi Diakite;PF;27;NYK;3;0;2.7;0;0.3;0;0;0.3;0;0;0;0;0;0;0;0;0;0.3;0.3;0;0.3;0;0.3;0.3;0
123;Hamidou Diallo;SG;25;WAS;2;0;2.5;0.5;1;0.5;0;0;0;0.5;1;0.5;0.5;0;0;0;1;0;1;0.5;1;0;0.5;0.5;1
124;Gradey Dick;SG;20;TOR;60;17;21.1;3.2;7.4;0.425;1.5;4;0.365;1.7;3.4;0.495;0.524;0.7;0.9;0.863;0.5;1.8;2.2;1.1;0.6;0;0.8;1.5;8.5
125;Ousmane Dieng;PF;20;OKC;33;0;11.1;1.5;3.5;0.422;0.6;2.1;0.3;0.8;1.4;0.609;0.513;0.4;0.5;0.875;0.3;1.2;1.5;1.1;0.2;0.2;0.6;0.7;4
126;Spencer Dinwiddie;PG;30;TOT;76;52;28.3;3.3;8.4;0.392;1.6;4.8;0.337;1.7;3.6;0.467;0.489;2.2;2.8;0.805;0.4;2.3;2.7;4.7;0.7;0.3;1.2;1.8;10.5
126;Spencer Dinwiddie;PG;30;BRK;48;48;30.7;4.1;10.4;0.391;1.9;5.8;0.32;2.2;4.6;0.48;0.48;2.6;3.3;0.781;0.5;2.8;3.3;6;0.8;0.2;1.3;1.8;12.6
126;Spencer Dinwiddie;PG;30;LAL;28;4;24.2;2;5;0.397;1.3;3.2;0.389;0.8;1.8;0.412;0.521;1.6;1.8;0.88;0.1;1.5;1.7;2.4;0.5;0.5;1;1.9;6.8
127;Donte DiVincenzo;SG;27;NYK;81;63;29.1;5.5;12.4;0.443;3.5;8.7;0.401;2;3.7;0.542;0.584;1.1;1.4;0.754;0.8;2.9;3.7;2.7;1.3;0.4;1.4;2;15.5
128;Luka Don?i?;PG;24;DAL;70;70;37.5;11.5;23.6;0.487;4.1;10.6;0.382;7.4;13;0.573;0.573;6.8;8.7;0.786;0.8;8.4;9.2;9.8;1.4;0.5;4;2.1;33.9
129;Luguentz Dort;SF;24;OKC;79;79;28.4;3.6;8.3;0.438;2;5;0.394;1.7;3.3;0.506;0.557;1.6;2;0.826;0.9;2.7;3.6;1.4;0.9;0.6;0.9;2.9;10.9
130;Ayo Dosunmu;SG;24;CHI;76;37;29.1;4.7;9.5;0.501;1.6;3.9;0.403;3.2;5.6;0.568;0.583;1.1;1.4;0.81;0.7;2.1;2.8;3.2;0.9;0.5;1.4;2.2;12.2
131;Jeff Dowtin;PG;26;PHI;12;0;11.8;1.7;3;0.556;0.8;1.6;0.474;0.9;1.4;0.647;0.681;0.3;0.3;0.75;0.3;1.4;1.7;2.3;0.6;0.1;0.4;0.1;4.3
132;Henri Drell;SF;23;CHI;4;0;7.5;1;2.5;0.4;0.5;1.5;0.333;0.5;1;0.5;0.5;0.3;0.5;0.5;0.3;0.8;1;1;0.5;0.3;0.5;1.5;2.8
133;Andre Drummond;C;30;CHI;79;10;17.1;3.4;6.1;0.556;0;0;0;3.4;6;0.56;0.556;1.6;2.8;0.592;3.4;5.6;9;0.5;0.9;0.6;1;1.8;8.4
134;Chris Duarte;SF;26;SAC;59;11;12.2;1.4;3.6;0.381;0.7;2.2;0.346;0.6;1.4;0.434;0.486;0.4;0.6;0.788;0.4;1.4;1.8;0.7;0.5;0.1;0.4;1.4;3.9
135;David Duke Jr.;SG;24;SAS;4;0;12.8;2.5;4.5;0.556;0.8;1.5;0.5;1.8;3;0.583;0.639;0.8;0.8;1;0.5;2;2.5;1.3;0.5;0;0.8;1;6.5
136;Kris Dunn;PG;29;UTA;66;32;18.9;2.2;4.7;0.47;0.6;1.7;0.369;1.6;3.1;0.525;0.535;0.3;0.5;0.688;0.8;2.1;2.9;3.8;1;0.4;1.2;2;5.4
137;Kevin Durant;PF;35;PHO;75;75;37.2;10;19.1;0.523;2.2;5.4;0.413;7.8;13.7;0.567;0.581;4.8;5.6;0.856;0.5;6.1;6.6;5;0.9;1.2;3.3;1.8;27.1
138;Jalen Duren;C;20;DET;61;60;29.1;5.7;9.2;0.619;0;0.1;0;5.7;9.2;0.623;0.619;2.3;3;0.79;3.1;8.5;11.6;2.4;0.5;0.8;2.1;3.1;13.8
139;Tari Eason;PF;22;HOU;22;0;21.8;4;8.6;0.466;0.8;2.3;0.36;3.2;6.3;0.504;0.513;1;1.5;0.636;2.1;4.9;7;1.2;1.4;0.9;0.9;2.3;9.8
140;Anthony Edwards;SG;22;MIN;79;78;35.1;9.1;19.7;0.461;2.4;6.7;0.357;6.7;13;0.515;0.522;5.4;6.4;0.836;0.7;4.8;5.4;5.1;1.3;0.5;3.1;1.8;25.9
141;Kessler Edwards;SF;23;SAC;54;0;5.1;0.6;1.5;0.415;0.4;1;0.385;0.3;0.6;0.467;0.537;0.1;0.2;0.556;0.2;0.6;0.8;0.3;0.2;0.1;0.1;0.5;1.7
142;Keon Ellis;SG;24;SAC;57;21;17.2;1.9;4.1;0.461;1.2;2.9;0.417;0.6;1.1;0.578;0.612;0.5;0.6;0.743;0.6;1.6;2.2;1.5;0.9;0.5;0.6;2;5.4
143;Joel Embiid;C;29;PHI;39;39;33.6;11.5;21.8;0.529;1.4;3.6;0.388;10.2;18.3;0.556;0.561;10.2;11.6;0.883;2.4;8.6;11;5.6;1.2;1.7;3.8;2.9;34.7
144;Drew Eubanks;C;26;PHO;75;6;15.6;2;3.4;0.601;0;0;1;2;3.3;0.596;0.607;1;1.2;0.774;1.4;2.9;4.3;0.8;0.4;0.8;0.8;1.5;5.1
145;Tosan Evbuomwan;SF;22;TOT;17;8;21.6;2.1;4.2;0.507;0.7;1.9;0.375;1.4;2.3;0.615;0.592;1;1.5;0.68;1.1;2.5;3.5;0.9;0.4;0.3;0.5;1.4;5.9
145;Tosan Evbuomwan;SF;22;MEM;4;0;18.5;1;3.8;0.267;0.5;2;0.25;0.5;1.8;0.286;0.333;0;0;0;2;1.5;3.5;1.5;0;0.3;0.3;1.3;2.5
145;Tosan Evbuomwan;SF;22;DET;13;8;22.5;2.5;4.3;0.571;0.8;1.8;0.417;1.7;2.5;0.688;0.661;1.3;1.9;0.68;0.8;2.8;3.5;0.8;0.5;0.3;0.6;1.4;7
146;Dante Exum;PG;28;DAL;55;17;19.8;2.9;5.5;0.533;1;2;0.491;2;3.5;0.557;0.621;1;1.2;0.779;0.5;2.3;2.7;2.9;0.4;0.1;0.9;1.5;7.8
147;Bruno Fernando;C;25;ATL;45;2;15.2;2.4;4.2;0.583;0;0.1;0;2.4;4.1;0.596;0.583;1.4;2.1;0.667;1.3;3;4.3;1;0.6;0.6;1;2.4;6.3
148;Dorian Finney-Smith;PF;30;BRK;68;56;28.4;3.2;7.5;0.421;1.7;4.9;0.348;1.4;2.6;0.56;0.535;0.5;0.7;0.717;1.6;3.1;4.7;1.6;0.8;0.6;0.9;2.2;8.5
149;Adam Flagler;SG;24;OKC;2;0;7;0.5;3.5;0.143;0.5;3;0.167;0;0.5;0;0.214;0;0;0;0;0;0;2;0;0;0;0;1.5
150;Malachi Flynn;PG;25;TOT;69;0;12.7;2;4.7;0.418;0.8;2.4;0.331;1.2;2.3;0.513;0.505;0.8;1;0.732;0.3;1.3;1.7;1.9;0.6;0.1;0.9;1;5.5
150;Malachi Flynn;PG;25;TOR;31;0;15.3;1.8;4.4;0.409;0.9;2.6;0.35;0.9;1.8;0.491;0.511;0.5;0.7;0.773;0.4;1.7;2.1;2.4;0.6;0.2;1.1;1.4;5.1
150;Malachi Flynn;PG;25;NYK;14;0;4.3;0.6;1.6;0.391;0.3;0.9;0.308;0.4;0.7;0.5;0.478;0.6;0.8;0.818;0;0.4;0.4;0.4;0.1;0;0.2;0.2;2.2
150;Malachi Flynn;PG;25;DET;24;0;14.3;3;6.9;0.43;1;3.2;0.316;2;3.7;0.528;0.503;1.1;1.6;0.684;0.3;1.5;1.8;2.1;0.8;0.1;1.1;0.9;8
151;Simone Fontecchio;SF;28;TOT;66;43;24.9;3.8;8.3;0.46;2;5.1;0.401;1.8;3.2;0.551;0.582;0.8;1;0.818;1;2.8;3.7;1.5;0.7;0.3;1;1.7;10.5
151;Simone Fontecchio;SF;28;UTA;50;34;23.2;3.2;7.2;0.45;1.8;4.7;0.391;1.4;2.5;0.56;0.577;0.6;0.8;0.8;1;2.5;3.5;1.5;0.6;0.4;1;1.6;8.9
151;Simone Fontecchio;SF;28;DET;16;9;30.3;5.7;11.9;0.479;2.7;6.3;0.426;3;5.6;0.539;0.592;1.4;1.6;0.846;0.8;3.6;4.4;1.8;0.9;0.3;1.1;1.8;15.4
152;Jordan Ford;PG;25;SAC;6;0;3.7;0.7;1.2;0.571;0.3;0.5;0.667;0.3;0.7;0.5;0.714;0.3;0.3;1;0;0.3;0.3;0.3;0;0;0.2;0;2
153;Trent Forrest;SG;25;ATL;38;0;10.9;0.9;2.4;0.378;0.1;0.3;0.2;0.8;2.1;0.4;0.389;0.3;0.4;0.765;0.3;1.1;1.3;2.4;0.3;0.1;0.5;0.7;2.2
154;Evan Fournier;SG;31;TOT;32;0;18.1;2.5;6.9;0.357;1;4.1;0.254;1.4;2.8;0.505;0.432;0.9;1.1;0.806;0.2;1.7;1.8;1.5;0.9;0.2;0.7;1.5;6.9
154;Evan Fournier;SG;31;NYK;3;0;13;1.3;6.7;0.2;0.7;5;0.133;0.7;1.7;0.4;0.25;0.7;0.7;1;0;1.3;1.3;1;1.3;0;0.3;1.3;4
154;Evan Fournier;SG;31;DET;29;0;18.7;2.6;6.9;0.373;1.1;4;0.27;1.5;3;0.512;0.45;0.9;1.2;0.794;0.2;1.7;1.9;1.6;0.9;0.2;0.7;1.5;7.2
155;De'Aaron Fox;PG;26;SAC;74;74;35.9;9.7;20.9;0.465;2.9;7.8;0.369;6.8;13.1;0.522;0.534;4.2;5.7;0.738;0.9;3.7;4.6;5.6;2;0.4;2.6;2.6;26.6
156;Javon Freeman-Liberty;PG;24;TOR;22;6;18.3;2.5;5.6;0.444;0.5;1.9;0.238;2;3.7;0.549;0.484;1.5;1.6;0.917;0.7;2.5;3.2;1.8;0.5;0.2;1.1;1.3;7
157;Alex Fudge;SF;20;TOT;6;0;6.7;1;2.5;0.4;0.2;0.8;0.2;0.8;1.7;0.5;0.433;0.3;0.3;1;0.7;0.2;0.8;0;0.5;0;0.3;0.3;2.5
157;Alex Fudge;SF;20;LAL;4;0;3.5;0.3;1.5;0.167;0;0.5;0;0.3;1;0.25;0.167;0.5;0.5;1;0.5;0;0.5;0;0;0;0.3;0.3;1
157;Alex Fudge;SF;20;DAL;2;0;13;2.5;4.5;0.556;0.5;1.5;0.333;2;3;0.667;0.611;0;0;0;1;0.5;1.5;0;1.5;0;0.5;0.5;5.5
158;Markelle Fultz;PG;25;ORL;43;18;21.2;3.6;7.6;0.472;0.1;0.4;0.222;3.5;7.2;0.487;0.479;0.5;0.8;0.697;1.3;1.9;3.2;2.8;1;0.3;1.2;1.5;7.8
159;Andrew Funk;SG;24;CHI;5;0;2.6;0;0.8;0;0;0.6;0;0;0.2;0;0;0;0;0;0;0;0;0;0.2;0.2;0;0;0
160;Wenyen Gabriel;PF;26;MEM;5;0;16.2;1.6;4.4;0.364;0.2;1.2;0.167;1.4;3.2;0.438;0.386;0;1;0;1.4;3.6;5;0.6;0.4;0.4;1.6;2;3.4
161;Daniel Gafford;C-PF;25;TOT;74;66;24.5;4.7;6.5;0.725;0;0;0;4.7;6.5;0.725;0.725;1.6;2.4;0.674;2.6;5;7.6;1.6;0.9;2.1;1;3.1;11
161;Daniel Gafford;C;25;WAS;45;45;26.5;4.5;6.5;0.69;0;0;0;4.5;6.5;0.69;0.69;1.9;2.6;0.706;2.9;5.1;8;1.5;1;2.2;1;3.3;10.9
161;Daniel Gafford;PF;25;DAL;29;21;21.5;5;6.4;0.78;0;0;0;5;6.4;0.78;0.78;1.2;1.9;0.607;2.2;4.7;6.9;1.6;0.7;1.9;1;2.8;11.2
162;Danilo Gallinari;PF-SF;35;TOT;49;0;12.9;1.7;3.9;0.437;0.6;1.9;0.323;1.1;2;0.546;0.516;1.7;2;0.857;0.4;1.8;2.2;1.1;0.3;0.1;0.5;1;5.7
162;Danilo Gallinari;PF;35;WAS;26;0;14.8;2.2;5;0.435;0.8;2.5;0.313;1.4;2.6;0.552;0.511;1.8;2.2;0.839;0.5;2.5;2.9;1.2;0.2;0.1;0.5;1;7
162;Danilo Gallinari;SF;35;DET;6;0;15;2;3.7;0.545;1.2;2;0.583;0.8;1.7;0.5;0.705;3.5;4;0.875;0.3;2;2.3;2;0.3;0.3;0.2;1.5;8.7
162;Danilo Gallinari;SF;35;MIL;17;0;9.1;0.8;2.2;0.378;0.2;1;0.176;0.6;1.2;0.55;0.419;0.9;1.1;0.889;0.4;0.7;1.1;0.7;0.4;0.1;0.6;0.9;2.8
163;Darius Garland;PG;24;CLE;57;57;33.4;6.6;14.8;0.446;2.3;6.2;0.371;4.3;8.5;0.501;0.524;2.6;3.1;0.834;0.5;2.1;2.7;6.5;1.3;0.1;3.1;1.7;18
164;Usman Garuba;PF;21;GSW;6;0;3;0.2;1;0.167;0;0.2;0;0.2;0.8;0.2;0.167;0.2;0.3;0.5;0.5;0.7;1.2;0.2;0.2;0.5;0.3;0.3;0.5
165;Luka Garza;C;25;MIN;25;0;4.9;1.4;3;0.48;0.4;1.3;0.281;1.1;1.7;0.628;0.54;0.7;1;0.72;0.8;0.5;1.2;0.2;0.2;0;0.2;1;4
166;Kaiser Gates;SF;27;NOP;1;0;7;0;4;0;0;2;0;0;2;0;0;0;0;0;0;1;1;0;0;0;0;0;0
167;Keyonte George;PG;20;UTA;75;44;27;4.3;10.9;0.391;2;5.9;0.334;2.3;5;0.459;0.482;2.5;3;0.848;0.2;2.6;2.8;4.4;0.5;0.1;2.5;1.2;13
168;Paul George;PF;33;LAC;74;74;33.8;7.9;16.7;0.471;3.3;7.9;0.413;4.6;8.8;0.523;0.569;3.6;3.9;0.907;0.5;4.7;5.2;3.5;1.5;0.5;2.1;2.7;22.6
169;Taj Gibson;PF;38;TOT;20;1;10.2;0.8;1.9;0.405;0.1;0.5;0.2;0.7;1.4;0.481;0.432;0.1;0.1;1;0.6;1.3;1.9;0.6;0.2;0.4;0.3;1.6;1.7
169;Taj Gibson;PF;38;NYK;16;1;10.3;0.4;1.4;0.304;0;0.4;0;0.4;1.1;0.412;0.304;0.1;0.1;1;0.6;1.1;1.8;0.6;0.1;0.4;0.3;1.8;1
169;Taj Gibson;PF;38;DET;4;0;9.8;2;3.5;0.571;0.5;1;0.5;1.5;2.5;0.6;0.643;0;0;0;0.5;1.8;2.3;0.5;0.3;0.3;0;0.8;4.5
170;Josh Giddey;SG;21;OKC;80;80;25.1;5;10.6;0.475;1;3;0.337;4;7.6;0.53;0.523;1.3;1.6;0.806;1.4;5;6.4;4.8;0.6;0.6;2.1;1.4;12.3
171;Harry Giles;C;25;TOT;23;0;4.3;1;2.2;0.46;0.1;0.6;0.214;0.9;1.6;0.556;0.49;0.3;0.6;0.538;0.5;0.8;1.3;0.3;0.1;0.1;0.3;0.7;2.4
171;Harry Giles;C;25;BRK;16;0;5.1;1.4;2.8;0.5;0.2;0.7;0.273;1.2;2.1;0.576;0.534;0.4;0.8;0.538;0.8;0.9;1.6;0.4;0.1;0.2;0.4;0.9;3.4
171;Harry Giles;C;25;LAL;7;0;2.7;0.1;0.9;0.167;0;0.4;0;0.1;0.4;0.333;0.167;0;0;0;0;0.6;0.6;0;0.1;0;0;0;0.3
172;Shai Gilgeous-Alexander;PG;25;OKC;75;75;34;10.6;19.8;0.535;1.3;3.6;0.353;9.3;16.2;0.576;0.567;7.6;8.7;0.874;0.9;4.7;5.5;6.2;2;0.9;2.2;2.5;30.1
173;Anthony Gill;PF;31;WAS;50;3;9.3;1.5;3.2;0.469;0.2;0.8;0.244;1.3;2.4;0.546;0.5;0.6;0.7;0.806;0.7;1.1;1.9;0.7;0.3;0.2;0.5;1;3.8
174;Collin Gillespie;PG;24;DEN;24;0;9.4;1.3;2.9;0.464;0.6;1.6;0.395;0.7;1.3;0.548;0.572;0.3;0.5;0.667;0;0.8;0.9;1.1;0.5;0;0.6;1;3.6
175;Jacob Gilyard;PG;25;TOT;41;14;17;1.5;3.7;0.4;1.2;3.1;0.405;0.2;0.6;0.375;0.57;0;0;1;0.2;0.9;1.1;3.3;0.8;0.1;0.7;1;4.2
175;Jacob Gilyard;PG;25;MEM;37;14;17.7;1.6;3.9;0.417;1.4;3.2;0.425;0.2;0.6;0.375;0.594;0.1;0.1;1;0.2;0.9;1.2;3.5;0.7;0.1;0.8;0.9;4.7
175;Jacob Gilyard;PG;25;BRK;4;0;11.3;0;1.5;0;0;1.5;0;0;0;0;0;0;0;0;0.3;0.5;0.8;1.5;1.5;0;0.3;1;0
176;Rudy Gobert;C;31;MIN;76;76;34.1;5.3;8.1;0.661;0;0;0;5.3;8;0.664;0.661;3.3;5.1;0.638;3.8;9.2;12.9;1.3;0.7;2.1;1.6;3.1;14
177;Jordan Goodwin;PG;25;TOT;57;12;18.5;2.5;6.7;0.369;0.7;2.5;0.298;1.7;4.2;0.411;0.424;0.8;1;0.746;1.5;2.9;4.4;2.7;0.8;0.3;1;1.3;6.5
177;Jordan Goodwin;PG;25;PHO;40;0;14;1.9;4.8;0.389;0.6;2;0.288;1.3;2.8;0.46;0.448;0.6;0.7;0.862;1;1.9;2.9;2;0.6;0.2;0.7;1.1;5
177;Jordan Goodwin;PG;25;MEM;17;12;29.2;3.9;11.1;0.349;1.1;3.6;0.311;2.8;7.5;0.367;0.399;1.1;1.8;0.633;2.8;5.2;8;4.5;1.5;0.5;1.6;1.9;10
178;Aaron Gordon;PF;28;DEN;73;73;31.5;5.5;9.8;0.556;0.5;1.9;0.29;4.9;7.9;0.619;0.584;2.4;3.7;0.658;2.4;4.1;6.5;3.5;0.8;0.6;1.4;1.9;13.9
179;Eric Gordon;SG;35;PHO;68;24;27.8;4;9.1;0.443;2.2;5.8;0.378;1.8;3.3;0.561;0.565;0.8;0.9;0.797;0.2;1.6;1.8;2;1;0.4;1.1;1.2;11
180;Devonte' Graham;PG;28;SAS;23;0;13.6;1.7;4.7;0.352;1.1;3.6;0.301;0.6;1.1;0.52;0.468;0.6;0.7;0.813;0.2;1.3;1.6;2.1;0.4;0.1;0.7;0.6;5
181;Jerami Grant;PF;29;POR;54;54;33.9;7.1;15.7;0.451;2.1;5.1;0.402;5;10.6;0.474;0.516;4.7;5.8;0.817;0.7;2.9;3.5;2.8;0.8;0.6;2.1;2.2;21
182;RaiQuan Gray;PF;24;SAS;3;0;13;3.3;5.7;0.588;1;2.3;0.429;2.3;3.3;0.7;0.676;0;0;0;0.7;1.7;2.3;2;0.3;0.3;0.3;0;7.7
183;A.J. Green;SG;24;MIL;56;0;11;1.5;3.5;0.423;1.2;3;0.408;0.3;0.5;0.519;0.599;0.3;0.3;0.895;0.2;1;1.1;0.5;0.2;0.1;0.2;0.9;4.5
184;Danny Green;SG;36;PHI;2;0;9;0;1;0;0;0.5;0;0;0.5;0;0;0;0;0;0;1;1;0.5;0.5;0;0;0.5;0
185;Draymond Green;PF;33;GSW;55;52;27.1;3.4;6.8;0.497;0.9;2.3;0.395;2.4;4.4;0.551;0.566;1;1.3;0.73;1.4;5.9;7.2;6;1;0.9;2.5;3;8.6
186;Jalen Green;SG;21;HOU;82;82;31.7;6.9;16.2;0.423;2.5;7.4;0.332;4.4;8.9;0.498;0.498;3.5;4.3;0.804;0.5;4.7;5.2;3.5;0.8;0.3;2.3;1.4;19.6
187;Javonte Green;SF;30;CHI;9;5;25.6;5;8.3;0.6;1.1;3;0.37;3.9;5.3;0.729;0.667;1.1;1.4;0.769;2.2;5.2;7.4;0.6;1.1;0.9;0.8;2.1;12.2
188;Jeff Green;PF;37;HOU;78;6;16.8;2.1;4.7;0.456;0.7;2.1;0.331;1.5;2.6;0.553;0.529;1.6;1.9;0.819;0.6;1.7;2.3;0.9;0.2;0.4;0.6;1.3;6.5
189;Josh Green;SG;23;DAL;57;33;26.4;3.1;6.6;0.479;1.3;3.3;0.385;1.9;3.3;0.572;0.575;0.7;1;0.684;0.7;2.5;3.2;2.3;0.8;0.2;1.1;1.9;8.2
190;AJ Griffin;SF;20;ATL;20;0;8.6;0.9;3.1;0.29;0.5;2;0.256;0.4;1.2;0.348;0.371;0.1;0.1;1;0.1;0.8;0.9;0.3;0.1;0.1;0.4;0.3;2.4
191;Quentin Grimes;SG;23;TOT;51;18;20.1;2.4;6.4;0.372;1.6;4.7;0.338;0.8;1.7;0.466;0.495;0.7;0.9;0.756;0.3;1.7;2;1.3;0.7;0.1;0.5;1.5;7
191;Quentin Grimes;SG;23;NYK;45;18;20.2;2.5;6.4;0.395;1.7;4.7;0.363;0.8;1.6;0.486;0.53;0.5;0.8;0.706;0.3;1.6;2;1.2;0.7;0.1;0.5;1.5;7.3
191;Quentin Grimes;SG;23;DET;6;0;19.2;1.5;7;0.214;0.7;4.7;0.143;0.8;2.3;0.357;0.262;1.7;1.8;0.909;0.2;1.8;2;2.3;0.8;0.7;1.2;1.5;5.3
192;Mouhamadou Gueye;PF;25;TOR;11;0;10.9;1;3.5;0.289;0;0.3;0;1;3.2;0.314;0.289;0.4;0.8;0.444;1.1;1;2.1;0.5;0.3;1.6;1.1;1.4;2.4
193;Mouhamed Gueye;PF;21;ATL;6;0;12.2;1.3;3.8;0.348;0.5;1.5;0.333;0.8;2.3;0.357;0.413;0.8;1;0.833;1.7;2;3.7;0.7;0.8;0.7;0.2;2.2;4
194;Rui Hachimura;PF;25;LAL;68;39;26.9;5.3;9.9;0.537;1.4;3.4;0.422;3.9;6.5;0.597;0.609;1.5;2;0.739;0.9;3.5;4.3;1.2;0.6;0.4;0.7;1.5;13.6
195;Ashton Hagans;PG;24;POR;19;1;16.6;1.5;3.7;0.408;0.4;1.3;0.32;1.1;2.4;0.457;0.465;0.7;0.9;0.824;0.7;1.6;2.4;2.8;0.6;0.5;1.6;2.1;4.2
196;Tyrese Haliburton;PG;23;IND;69;68;32.2;7.2;15.2;0.477;2.8;7.8;0.364;4.4;7.4;0.595;0.57;2.8;3.3;0.855;0.5;3.4;3.9;10.9;1.2;0.7;2.3;1.1;20.1
197;R.J. Hampton;PG;22;MIA;8;2;9.5;0.5;1.8;0.286;0.1;1;0.125;0.4;0.8;0.5;0.321;0.1;0.3;0.5;0.3;0.5;0.8;1;0;0;0.4;1;1.3
198;Tim Hardaway Jr.;SF;31;DAL;79;12;26.8;5;12.4;0.402;2.7;7.6;0.353;2.3;4.8;0.478;0.51;1.8;2.1;0.852;0.3;2.9;3.2;1.8;0.5;0.1;0.9;1.3;14.4
199;James Harden;PG;34;LAC;72;72;34.3;4.9;11.4;0.428;2.6;6.8;0.381;2.3;4.6;0.497;0.541;4.2;4.8;0.878;0.5;4.7;5.1;8.5;1.1;0.8;2.6;1.8;16.6
200;Jaden Hardy;SG;21;DAL;73;7;13.5;2.7;6.6;0.407;1.1;3.1;0.362;1.6;3.5;0.447;0.492;0.8;1;0.776;0.3;1.5;1.8;1.5;0.3;0.1;0.8;1.1;7.3
201;Ron Harper Jr.;PF;23;TOR;1;0;4;0;0;0;0;0;0;0;0;0;0;0;0;0;0;0;0;1;0;0;0;2;0
202;Gary Harris;SG;29;ORL;54;27;24;2.4;5.5;0.441;1.4;3.8;0.371;1;1.7;0.598;0.569;0.6;0.8;0.756;0.4;1.2;1.7;1.6;0.9;0.3;0.6;1.7;6.9
203;Joe Harris;SG;32;DET;16;0;10.6;0.9;2.4;0.359;0.6;1.9;0.333;0.3;0.6;0.444;0.487;0.1;0.1;0.5;0.2;0.6;0.8;0.6;0.2;0.1;0.3;1.2;2.4
204;Kevon Harris;SG;26;ORL;2;0;3;1;1.5;0.667;0;0;0;1;1.5;0.667;0.667;0;0;0;0;1;1;0.5;0;0;0.5;1.5;2
205;Tobias Harris;PF;31;PHI;70;70;33.8;6.6;13.6;0.487;1.3;3.7;0.353;5.3;9.9;0.537;0.535;2.7;3;0.878;1.1;5.3;6.5;3.1;1;0.7;1.3;1.6;17.2
206;Shaquille Harrison;SG;30;MEM;3;0;2;0.3;0.7;0.5;0;0;0;0.3;0.7;0.5;0.5;0;0;0;0;0.7;0.7;0;0;0.3;0;0;0.7
207;Josh Hart;SF;28;NYK;81;42;33.4;3.6;8.4;0.434;1;3.2;0.31;2.7;5.2;0.511;0.493;1.1;1.4;0.791;1.6;6.8;8.3;4.1;0.9;0.3;1.5;2.1;9.4
208;Isaiah Hartenstein;C;25;NYK;75;49;25.3;3.1;4.9;0.644;0;0;0.333;3.1;4.8;0.646;0.645;1.5;2.1;0.707;3.3;5.1;8.3;2.5;1.2;1.1;1.2;2.8;7.8
209;Sam Hauser;SF;26;BOS;79;13;22;3.2;7.1;0.446;2.5;5.9;0.424;0.7;1.2;0.559;0.623;0.2;0.2;0.895;0.6;2.9;3.5;1;0.5;0.3;0.4;1.3;9
210;Jordan Hawkins;SG;21;NOP;67;10;17.3;2.6;6.8;0.382;1.6;4.4;0.366;1;2.4;0.411;0.501;1;1.2;0.838;0.4;1.8;2.2;1;0.3;0.1;0.6;1.1;7.8
211;Jaxson Hayes;C;23;LAL;70;5;12.5;1.8;2.5;0.72;0;0.1;0;1.8;2.4;0.754;0.72;0.7;1.2;0.622;1;2;3;0.5;0.5;0.4;0.6;1.8;4.3
212;Killian Hayes;PG;22;DET;42;31;24;2.8;6.7;0.413;0.5;1.8;0.297;2.3;5;0.455;0.452;0.8;1.2;0.66;0.3;2.6;2.8;4.9;0.9;0.5;1.2;1.8;6.9
213;Gordon Hayward;SF;33;TOT;51;28;24.4;3.7;7.9;0.464;0.7;1.8;0.411;2.9;6.1;0.479;0.51;1.7;2.4;0.742;0.7;2.8;3.5;3.1;0.8;0.3;1.3;1.3;9.8
213;Gordon Hayward;SF;33;CHO;25;25;31.9;5.6;11.9;0.468;0.9;2.4;0.361;4.7;9.4;0.496;0.505;2.5;3.2;0.765;1;3.7;4.7;4.6;1.1;0.5;2;1.8;14.5
213;Gordon Hayward;SF;33;OKC;26;3;17.2;1.8;4.1;0.453;0.6;1.1;0.517;1.3;3;0.429;0.524;1;1.5;0.692;0.5;2;2.5;1.6;0.5;0;0.6;0.8;5.3
214;Scoot Henderson;PG;19;POR;62;32;28.5;5;12.9;0.385;1.4;4.3;0.325;3.5;8.5;0.416;0.44;2.7;3.3;0.819;0.9;2.3;3.1;5.4;0.8;0.2;3.4;3.1;14
215;Taylor Hendricks;PF;20;UTA;40;23;21.4;2.7;6;0.45;1.3;3.5;0.379;1.4;2.5;0.55;0.56;0.6;0.7;0.793;1.2;3.5;4.6;0.8;0.7;0.8;0.7;1.9;7.3
216;Tyler Herro;SG;24;MIA;42;40;33.5;7.7;17.5;0.441;3.1;7.9;0.396;4.6;9.6;0.478;0.531;2.3;2.6;0.856;0.5;4.8;5.3;4.5;0.7;0.1;2.2;1.5;20.8
217;Buddy Hield;SF-SG;31;TOT;84;42;25.7;4.4;10.1;0.436;2.6;6.8;0.386;1.8;3.4;0.539;0.565;0.6;0.7;0.881;0.7;2.5;3.2;2.8;0.8;0.5;1.2;2;12.1
217;Buddy Hield;SF;31;IND;52;28;25.7;4.4;9.9;0.443;2.6;6.9;0.384;1.8;3.1;0.575;0.575;0.5;0.6;0.848;0.7;2.6;3.2;2.7;0.8;0.6;1.2;2;12
217;Buddy Hield;SG;31;PHI;32;14;25.8;4.4;10.4;0.426;2.6;6.6;0.389;1.9;3.8;0.492;0.55;0.8;0.8;0.923;0.8;2.3;3.2;3;0.8;0.3;1.3;2.1;12.2
218;Haywood Highsmith;PF;27;MIA;66;26;20.7;2.3;5;0.465;1.2;2.9;0.396;1.2;2.1;0.562;0.581;0.3;0.5;0.639;1;2.2;3.2;1.1;0.8;0.5;0.5;1.8;6.1
219;Nate Hinton;SG;24;HOU;15;0;5;0.7;1.7;0.423;0.5;0.9;0.5;0.3;0.8;0.333;0.558;0.3;0.3;0.8;0.5;1;1.5;0.7;0.2;0.1;0.2;0.7;2.2
220;D'Moi Hodge;SG;25;LAL;7;0;5.9;0.7;2.1;0.333;0.4;1.7;0.25;0.3;0.4;0.667;0.433;0.1;0.3;0.5;0;0;0;0.7;0.1;0.1;0.1;0.6;2
221;Aaron Holiday;PG;27;HOU;78;1;16.3;2.4;5.3;0.446;1.1;2.8;0.387;1.3;2.6;0.51;0.547;0.7;0.8;0.921;0.3;1.3;1.6;1.8;0.5;0.1;0.7;1.6;6.6
222;Jrue Holiday;PG;33;BOS;69;69;32.8;4.8;10;0.48;2;4.7;0.429;2.8;5.3;0.526;0.581;0.9;1;0.833;1.2;4.2;5.4;4.8;0.9;0.8;1.8;1.6;12.5
223;Justin Holiday;SG;34;DEN;58;9;14.9;1.5;3.3;0.454;0.9;2.3;0.404;0.6;1;0.569;0.595;0.1;0.1;0.75;0.2;1.1;1.2;1.2;0.6;0.2;0.2;1.2;4
224;Richaun Holmes;C-PF;30;TOT;40;10;13.9;2.1;3.7;0.558;0;0.1;0.333;2;3.6;0.563;0.561;0.9;1.2;0.723;1.8;2.8;4.6;0.6;0.3;0.5;0.6;1.9;5
224;Richaun Holmes;C;30;DAL;23;2;10.3;1.4;2.6;0.559;0;0;0;1.4;2.6;0.559;0.559;0.5;0.9;0.571;1.4;2;3.4;0.7;0.1;0.4;0.5;1.4;3.4
224;Richaun Holmes;PF;30;WAS;17;8;18.7;2.9;5.2;0.557;0.1;0.2;0.333;2.8;5;0.565;0.563;1.3;1.5;0.846;2.2;3.9;6.1;0.6;0.5;0.6;0.7;2.4;7.1
225;Chet Holmgren;C;21;OKC;82;82;29.4;6.2;11.6;0.53;1.6;4.3;0.37;4.6;7.4;0.623;0.598;2.7;3.4;0.793;1.6;6.3;7.9;2.4;0.6;2.3;1.6;2.4;16.5
226;Jalen Hood-Schifino;SG;20;LAL;21;0;5.2;0.5;2.1;0.222;0.1;0.7;0.133;0.4;1.4;0.267;0.244;0.6;1;0.6;0.1;0.5;0.6;0.4;0.1;0.1;0.4;0.6;1.6
227;Al Horford;C;37;BOS;65;33;26.8;3.3;6.4;0.511;1.7;4;0.419;1.6;2.5;0.658;0.64;0.4;0.5;0.867;1.3;5.1;6.4;2.6;0.6;1;0.7;1.4;8.6
228;Talen Horton-Tucker;PG;23;UTA;51;11;19.8;3.6;9.1;0.396;1.2;3.6;0.33;2.4;5.5;0.438;0.46;1.7;2.1;0.807;0.4;2;2.4;3.5;0.9;0.4;1.3;1.8;10.1
229;Danuel House Jr.;SF;30;PHI;34;4;15;1.4;3.1;0.448;0.4;1.5;0.3;0.9;1.6;0.582;0.519;1;1.4;0.761;0.5;1.2;1.7;0.8;0.4;0.1;0.6;1.3;4.2
230;Caleb Houstan;SF;21;ORL;59;13;13.8;1.4;3.5;0.388;1.2;3.3;0.373;0.1;0.2;0.615;0.563;0.4;0.4;0.808;0.5;0.9;1.4;0.5;0.3;0.1;0.3;1;4.3
231;Jett Howard;SF;20;ORL;18;0;3.7;0.6;1.7;0.333;0.4;1.4;0.28;0.2;0.3;0.6;0.45;0.1;0.2;0.5;0.1;0.3;0.4;0.3;0.1;0.1;0.2;0.2;1.6
232;Kevin Huerter;SG;25;SAC;64;59;24.4;3.9;8.8;0.443;1.9;5.3;0.361;2;3.4;0.571;0.553;0.6;0.7;0.766;0.6;2.9;3.5;2.6;0.7;0.4;0.8;2.1;10.2
233;Jay Huff;C;25;DEN;20;0;2.5;0.5;0.8;0.6;0.2;0.5;0.333;0.3;0.3;1;0.7;0.1;0.1;1;0.1;0.5;0.6;0.1;0.1;0.2;0.1;0.5;1.2
234;De'Andre Hunter;SF;26;ATL;57;37;29.5;5.3;11.6;0.459;2.1;5.3;0.385;3.3;6.3;0.521;0.547;2.9;3.4;0.847;0.5;3.4;3.9;1.5;0.7;0.3;1.5;2.6;15.6
235;Matthew Hurt;PF;23;MEM;8;0;14.1;1.5;4.3;0.353;0.6;2.5;0.25;0.9;1.8;0.5;0.426;0.4;0.4;1;1.1;0.9;2;0.5;0.4;0.4;0.3;1;4
236;Bones Hyland;PG;23;LAC;37;5;14.6;2.6;6.8;0.386;1.2;3.6;0.326;1.4;3.1;0.457;0.474;0.5;0.6;0.783;0.1;1.4;1.5;2.5;0.7;0.1;1.2;1.4;6.9
237;Joe Ingles;SF;36;ORL;68;0;17.2;1.5;3.3;0.436;1;2.4;0.435;0.4;1;0.439;0.59;0.4;0.5;0.824;0.3;1.8;2.1;3;0.6;0.1;1;1.3;4.4
238;Brandon Ingram;SF;26;NOP;64;64;32.9;7.8;15.9;0.492;1.3;3.8;0.355;6.5;12.1;0.534;0.534;3.8;4.8;0.801;0.7;4.4;5.1;5.7;0.8;0.6;2.5;2.3;20.8
239;Kyrie Irving;SG;31;DAL;58;58;35;9.7;19.5;0.497;3;7.3;0.411;6.7;12.2;0.548;0.573;3.3;3.6;0.905;0.8;4.2;5;5.2;1.3;0.5;1.8;1.9;25.6
240;Jonathan Isaac;PF;26;ORL;58;2;15.8;2.5;4.9;0.51;0.7;1.9;0.375;1.8;3;0.598;0.584;1;1.4;0.72;1.3;3.2;4.5;0.5;0.7;1.2;0.5;1.1;6.8
241;Jaden Ivey;SG;21;DET;77;61;28.8;5.4;12.6;0.429;1.6;4.8;0.336;3.8;7.8;0.485;0.492;2.9;3.9;0.749;1.1;2.3;3.4;3.8;0.7;0.5;2.5;2.6;15.4
242;Andre Jackson Jr.;SG;22;MIL;57;8;10;0.9;1.8;0.5;0.3;0.8;0.37;0.6;0.9;0.611;0.585;0.1;0.2;0.727;0.8;1.2;2;0.9;0.3;0.1;0.5;1.6;2.2
243;GG Jackson II;PF;19;MEM;48;18;25.7;5;11.7;0.428;2.1;6;0.357;2.9;5.8;0.502;0.519;2.4;3.2;0.752;1.1;3;4.1;1.2;0.6;0.5;1.4;1.3;14.6
244;Isaiah Jackson;C;22;IND;59;3;13.1;2.6;3.9;0.665;0;0.1;0;2.6;3.9;0.677;0.665;1.2;1.7;0.716;1.6;2.4;4;0.8;0.6;1;0.7;2.3;6.5
245;Jaren Jackson Jr.;C;24;MEM;66;66;32.2;7.8;17.6;0.444;1.8;5.5;0.32;6;12.1;0.501;0.494;5.1;6.3;0.808;1.3;4.2;5.5;2.3;1.2;1.6;2.4;3.6;22.5
246;Justin Jackson;SF;28;MIN;2;0;0.5;0;0;0;0;0;0;0;0;0;0;0;0;0;0;0;0;0;0;0;0;0;0
247;Quenton Jackson;PG;25;IND;3;0;3.7;0;0.3;0;0;0;0;0;0.3;0;0;0.7;0.7;1;0;1.3;1.3;0.7;0.3;0;0;0.3;0.7
248;Reggie Jackson;PG;33;DEN;82;23;22.2;4;9.2;0.431;1.2;3.5;0.359;2.7;5.8;0.475;0.499;1;1.2;0.806;0.4;1.5;1.9;3.8;0.5;0.2;1.3;1.8;10.2
249;Trayce Jackson-Davis;PF;23;GSW;68;16;16.6;3.4;4.9;0.702;0;0;0;3.4;4.9;0.704;0.702;1.1;1.9;0.561;2;3;5;1.2;0.4;1.1;0.7;1.6;7.9
250;LeBron James;PF;39;LAL;71;71;35.3;9.6;17.9;0.54;2.1;5.1;0.41;7.5;12.8;0.592;0.599;4.3;5.7;0.75;0.9;6.4;7.3;8.3;1.3;0.5;3.5;1.1;25.7
251;Jaime Jaquez Jr.;SF;22;MIA;75;20;28.2;4.5;9.3;0.489;0.9;2.7;0.322;3.7;6.6;0.558;0.536;1.9;2.3;0.811;1.1;2.7;3.8;2.6;1;0.3;1.5;2.2;11.9
252;DeJon Jarreau;SG;26;MEM;9;0;16.7;1.9;5.6;0.34;0.4;1.4;0.308;1.4;4.1;0.351;0.38;0.6;1.2;0.455;0.9;4;4.9;2.9;0.7;0.2;1;1.6;4.8
253;DaQuan Jeffries;SG;26;NYK;17;0;2.7;0.4;1;0.353;0.1;0.6;0.2;0.2;0.4;0.571;0.412;0;0.1;0;0;0.3;0.3;0.3;0;0.1;0.2;0.1;0.8
254;Trey Jemison;C;24;TOT;25;14;22.9;3;5.4;0.551;0;0;0;3;5.4;0.551;0.551;0.8;1;0.84;2.6;2.8;5.4;1.1;0.5;1.1;1.4;2.8;6.8
254;Trey Jemison;C;24;WAS;2;0;0.5;0;0;0;0;0;0;0;0;0;0;0;0;0;0;0.5;0.5;0;0;0;0.5;0;0
254;Trey Jemison;C;24;MEM;23;14;24.9;3.3;5.9;0.551;0;0;0;3.3;5.9;0.551;0.551;0.9;1.1;0.84;2.8;3;5.8;1.2;0.5;1.2;1.4;3;7.4
255;Ty Jerome;SG;26;CLE;2;0;7.5;1;2;0.5;0;0.5;0;1;1.5;0.667;0.5;0;0;0;0.5;0;0.5;1.5;0;0;0.5;1;2
256;Isaiah Joe;SG;24;OKC;78;1;18.5;2.8;6.2;0.458;1.9;4.5;0.416;1;1.7;0.568;0.609;0.6;0.7;0.865;0.4;1.9;2.3;1.3;0.6;0.3;0.6;1.1;8.2
257;Cameron Johnson;PF;27;BRK;58;47;27.6;4.8;10.7;0.446;2.4;6.1;0.391;2.4;4.6;0.519;0.557;1.5;1.9;0.789;0.9;3.4;4.3;2.4;0.8;0.3;1;1.8;13.4
258;Jalen Johnson;SF;22;ATL;56;52;33.7;6.4;12.5;0.511;1.3;3.6;0.355;5.1;9;0.574;0.562;1.9;2.6;0.728;1.3;7.4;8.7;3.6;1.2;0.8;1.8;2.4;16
259;James Johnson;PF;36;IND;9;0;5.2;0.3;1.1;0.3;0;0.2;0;0.3;0.9;0.375;0.3;0.2;0.2;1;0.1;0.3;0.4;0.9;0.6;0.1;0.6;1;0.9
260;Keldon Johnson;SF;24;SAS;69;27;29.5;5.7;12.5;0.454;1.8;5.3;0.346;3.8;7.2;0.533;0.527;2.5;3.2;0.792;1.4;4.1;5.5;2.8;0.7;0.3;1.4;2.2;15.7
261;Keon Johnson;SG;21;BRK;5;0;12.2;1.6;4.2;0.381;0.8;2;0.4;0.8;2.2;0.364;0.476;2.2;2.4;0.917;0.6;0.8;1.4;0.6;0.6;0.2;1;1;6.2
262;Keyontae Johnson;SF;23;OKC;9;0;7.3;0.6;1.8;0.313;0.1;0.3;0.333;0.4;1.4;0.308;0.344;0;0;0;0.4;0.7;1.1;0.4;0.1;0;0.4;0.6;1.2
263;Nikola Joki?;C;28;DEN;79;79;34.6;10.4;17.9;0.583;1.1;2.9;0.359;9.4;14.9;0.626;0.612;4.5;5.5;0.817;2.8;9.5;12.4;9;1.4;0.9;3;2.5;26.4
264;Colby Jones;SG;21;SAC;30;0;6.4;0.9;2.4;0.394;0.1;0.7;0.091;0.9;1.6;0.531;0.408;0.2;0.4;0.545;0.6;0.8;1.3;0.7;0.2;0.2;0.3;1;2.1
265;Damian Jones;C;28;CLE;39;0;6.9;1.1;1.8;0.597;0.1;0.4;0.214;1;1.5;0.69;0.618;0.5;0.5;0.857;0.5;1.1;1.6;0.4;0.2;0.3;0.3;0.7;2.7
266;Derrick Jones Jr.;SF;26;DAL;76;66;23.5;3.1;6.5;0.483;1.1;3.1;0.343;2.1;3.4;0.613;0.566;1.3;1.8;0.713;1.1;2.2;3.3;1;0.7;0.7;0.9;1.6;8.6
267;Herbert Jones;SF;25;NOP;76;76;30.5;3.9;7.7;0.498;1.5;3.6;0.418;2.4;4.1;0.568;0.595;1.8;2.1;0.867;1;2.6;3.6;2.6;1.4;0.8;1.2;2.9;11
268;Mason Jones;SG;25;SAC;5;0;5.6;0.4;1.6;0.25;0.4;1.4;0.286;0;0.2;0;0.375;0.2;0.4;0.5;0.2;0.8;1;1;0.2;0;0.4;0.6;1.4
269;Tre Jones;PG;24;SAS;77;48;27.8;3.9;7.8;0.505;0.8;2.5;0.335;3.1;5.3;0.584;0.558;1.3;1.5;0.856;0.8;3;3.8;6.2;1;0.1;1.5;1.2;10
270;Tyus Jones;PG;27;WAS;66;66;29.3;4.9;10.1;0.489;1.6;3.9;0.414;3.3;6.2;0.537;0.569;0.5;0.6;0.8;0.3;2.4;2.7;7.3;1.1;0.3;1;0.7;12
271;DeAndre Jordan;C;35;DEN;36;2;11;1.6;2.6;0.624;0;0;0;1.6;2.6;0.624;0.624;0.7;1.5;0.491;1.5;2.9;4.4;0.7;0.2;0.4;0.6;1.6;3.9
272;Cory Joseph;PG;32;GSW;26;0;11.4;0.9;2.5;0.359;0.5;1.6;0.31;0.4;0.8;0.455;0.461;0.2;0.3;0.571;0.2;0.9;1.2;1.6;0.2;0.1;0.5;1;2.4
273;Nikola Jovi?;PF;20;MIA;46;38;19.5;2.8;6.1;0.452;1.4;3.5;0.399;1.3;2.6;0.525;0.568;0.7;1;0.702;0.5;3.6;4.2;2;0.5;0.3;0.9;1.8;7.7
274;Johnny Juzang;SG;22;UTA;20;5;18.6;2.6;5.5;0.464;1.6;3.9;0.416;1;1.7;0.576;0.609;0.5;0.7;0.714;0.4;1.5;1.8;1.2;0.2;0.1;0.7;1.5;7.2
275;Luke Kennard;SG;27;MEM;39;22;25.6;3.6;8.1;0.448;2.7;6.1;0.45;0.9;2;0.442;0.617;1;1.2;0.889;0.3;2.6;2.9;3.5;0.5;0.1;1.4;1;11
276;Walker Kessler;C;22;UTA;64;22;23.3;3.6;5.5;0.654;0.1;0.3;0.211;3.5;5.2;0.68;0.66;0.9;1.5;0.602;2.6;4.9;7.5;0.9;0.5;2.4;1;2.1;8.1
277;Braxton Key;SF;26;DEN;20;0;3;0.4;0.9;0.412;0.1;0.3;0.4;0.3;0.6;0.417;0.471;0.3;0.4;0.75;0.2;0.8;0.9;0.5;0.1;0.1;0.1;0.3;1.1
278;Corey Kispert;SF;24;WAS;80;22;25.8;4.8;9.9;0.486;2.3;6;0.383;2.5;3.9;0.643;0.602;1.4;2;0.726;0.4;2.4;2.8;2;0.5;0.2;1.2;1.8;13.4
279;Maxi Kleber;C;32;DAL;43;7;20.3;1.5;3.4;0.432;0.7;2.1;0.348;0.7;1.3;0.574;0.541;0.8;1.1;0.702;0.7;2.6;3.3;1.6;0.4;0.7;0.7;1.8;4.4
280;Kevin Knox;SF;24;DET;31;11;18.1;2.8;6;0.462;1;3;0.33;1.8;3;0.598;0.546;0.6;0.7;0.909;0.6;1.8;2.4;0.7;0.4;0.2;0.7;1.6;7.2
281;John Konchar;SF;27;MEM;55;23;21.3;1.6;3.8;0.423;0.7;2.2;0.317;0.9;1.6;0.568;0.514;0.4;0.5;0.84;1.3;3.4;4.7;2;0.9;0.9;0.8;1.4;4.3
282;Furkan Korkmaz;SG;26;PHI;35;0;8.6;0.9;2.2;0.395;0.4;1.1;0.35;0.5;1;0.444;0.487;0.4;0.6;0.7;0.1;0.7;0.9;0.7;0.4;0.1;0.3;0.5;2.5
283;Luke Kornet;C;28;BOS;63;7;15.6;2.3;3.2;0.7;0;0;1;2.2;3.2;0.698;0.702;0.8;0.9;0.907;1.9;2.3;4.1;1.1;0.4;1;0.3;1.2;5.3
284;Vit Krejci;PG;23;ATL;22;14;24.6;2.3;4.7;0.49;1.3;3.1;0.412;1;1.6;0.639;0.625;0.2;0.3;0.833;0.5;1.9;2.4;2.3;0.6;0.3;0.9;2.2;6.1
285;Jonathan Kuminga;PF;21;GSW;74;46;26.3;6.2;11.6;0.529;0.7;2.2;0.321;5.4;9.4;0.578;0.56;3;4;0.746;1.2;3.6;4.8;2.2;0.7;0.5;1.6;2.3;16.1
286;Kyle Kuzma;PF;28;WAS;70;70;32.6;8.7;18.8;0.463;2.2;6.4;0.336;6.5;12.3;0.53;0.521;2.7;3.4;0.775;0.9;5.7;6.6;4.2;0.5;0.7;2.7;2.2;22.2
287;Jock Landale;C;28;HOU;56;3;13.6;1.9;3.7;0.515;0.2;0.7;0.25;1.7;3;0.578;0.539;0.9;1.2;0.8;1.6;1.5;3.1;1.2;0.4;0.6;0.6;1.3;4.9
288;Jake LaRavia;PF;22;MEM;35;6;23;3.4;8.7;0.389;1.5;4.5;0.34;1.9;4.2;0.442;0.477;2.6;3.1;0.826;1.5;2.2;3.7;1.7;0.8;0.3;1.3;2;10.8
289;Zach LaVine;SG;28;CHI;25;23;34.9;6.8;15;0.452;2.4;6.8;0.349;4.4;8.3;0.536;0.531;3.5;4.1;0.854;0.3;4.8;5.2;3.9;0.8;0.3;2.1;2.3;19.5
290;A.J. Lawson;SG;23;DAL;42;0;7.4;1.3;2.9;0.446;0.3;1.2;0.26;1;1.7;0.577;0.5;0.4;0.5;0.652;0.3;0.9;1.2;0.5;0.2;0.1;0.3;0.5;3.2
291;Saben Lee;PG;24;PHO;24;0;7.7;0.8;2.3;0.364;0.1;0.7;0.125;0.8;1.6;0.462;0.382;1.2;1.6;0.744;0.4;0.9;1.3;1.3;0.3;0.1;0.3;0.5;3
292;Alex Len;C;30;SAC;48;0;9.3;1;1.7;0.617;0;0.1;0;1;1.6;0.641;0.617;0.4;0.7;0.588;1;1.7;2.7;1;0.2;0.7;0.6;1.4;2.5
293;Kawhi Leonard;SF;32;LAC;68;68;34.3;9;17.1;0.525;2.1;4.9;0.417;6.9;12.1;0.569;0.585;3.7;4.2;0.885;1.2;4.9;6.1;3.6;1.6;0.9;1.8;1.4;23.7
294;Caris LeVert;SG;29;CLE;68;10;28.8;5.1;12.1;0.421;1.6;4.9;0.325;3.5;7.2;0.486;0.487;2.3;3;0.766;0.6;3.5;4.1;5.1;1.1;0.5;1.7;1.8;14
295;Kira Lewis Jr.;PG;22;TOT;28;0;9.5;1.2;3.3;0.37;0.1;1.2;0.121;1.1;2.1;0.508;0.391;0.6;0.7;0.85;0.3;0.6;0.9;1.3;0.3;0.1;0.5;0.5;3.2
295;Kira Lewis Jr.;PG;22;NOP;15;0;9.6;1.1;3.5;0.308;0.1;1.3;0.1;0.9;2.1;0.438;0.327;0.7;0.7;0.909;0.3;0.7;0.9;1.2;0.3;0.1;0.5;0.5;2.9
295;Kira Lewis Jr.;PG;22;TOR;1;0;2;0;0;0;0;0;0;0;0;0;0;0;0;0;0;0;0;0;0;0;0;1;0
295;Kira Lewis Jr.;PG;22;UTA;12;0;9.9;1.5;3.3;0.45;0.2;1.1;0.154;1.3;2.3;0.593;0.475;0.6;0.8;0.778;0.4;0.6;1;1.6;0.3;0.1;0.5;0.3;3.8
296;Maxwell Lewis;SF;21;LAL;34;0;3;0.1;0.6;0.19;0;0.3;0.111;0.1;0.4;0.25;0.214;0.1;0.1;0.667;0.1;0.1;0.1;0.2;0.1;0;0.3;0.1;0.3
297;E.J. Liddell;PF;23;NOP;8;0;2.9;0.1;0.8;0.167;0;0.6;0;0.1;0.1;1;0.167;0.3;0.3;1;0;0.6;0.6;0.1;0.3;0.3;0.3;0.3;0.5
298;Damian Lillard;PG;33;MIL;73;73;35.3;7.4;17.5;0.424;3;8.5;0.354;4.4;9;0.49;0.51;6.5;7;0.92;0.5;3.9;4.4;7;1;0.2;2.6;1.8;24.3
299;Nassir Little;SF;23;PHO;45;2;10.2;1.3;2.8;0.46;0.5;1.6;0.3;0.8;1.2;0.667;0.544;0.4;0.4;0.85;0.3;1.4;1.7;0.5;0.2;0.2;0.3;0.9;3.4
300;Dereck Lively II;C;19;DAL;55;42;23.5;4;5.4;0.747;0;0;0;4;5.3;0.752;0.747;0.7;1.5;0.506;2.5;4.4;6.9;1.1;0.7;1.4;0.9;2.6;8.8
301;Isaiah Livers;PF;25;DET;23;6;20.4;1.7;5;0.345;1;3.3;0.286;0.8;1.7;0.462;0.44;0.5;0.8;0.667;0.7;1.4;2.1;1.1;0.6;0.2;0.7;1.9;5
302;Chris Livingston;SF;20;MIL;21;0;4.3;0.5;1;0.5;0;0.2;0.2;0.5;0.8;0.588;0.523;0.1;0.2;0.75;0.1;0.9;1;0.2;0.1;0;0.2;0.7;1.2
303;Kenneth Lofton Jr.;PF;21;TOT;21;0;9.5;1.7;3.7;0.462;0.3;1.1;0.292;1.4;2.6;0.537;0.506;0.8;1.2;0.654;0.6;1.2;1.8;1.6;0.3;0.2;0.7;1.1;4.6
303;Kenneth Lofton Jr.;PF;21;MEM;15;0;6.6;0.9;2.5;0.378;0.2;0.7;0.3;0.7;1.8;0.407;0.419;0.5;1;0.533;0.1;0.9;1;0.9;0.2;0.2;0.4;1;2.6
303;Kenneth Lofton Jr.;PF;21;PHI;2;0;4.5;0.5;3;0.167;0;1;0;0.5;2;0.25;0.167;0;0;0;0;1.5;1.5;0;0;0;1;0;1
303;Kenneth Lofton Jr.;PF;21;UTA;4;0;22.8;5.3;8.8;0.6;1;3;0.333;4.3;5.8;0.739;0.657;2.3;2.8;0.818;2.5;2.5;5;4.8;0.8;0.5;1.5;2.3;13.8
304;Kevon Looney;C;27;GSW;74;36;16.1;1.9;3.1;0.597;0;0;0;1.9;3.1;0.599;0.597;0.8;1.1;0.675;1.9;3.7;5.7;1.8;0.4;0.4;0.7;2.1;4.5
305;Brook Lopez;C;35;MIL;79;79;30.5;4.6;9.6;0.485;1.9;5.1;0.366;2.8;4.4;0.621;0.583;1.4;1.7;0.821;1.5;3.7;5.2;1.6;0.5;2.4;1;2.4;12.5
306;Robin Lopez;C;35;MIL;16;2;4.1;0.4;1.2;0.368;0.1;0.5;0.25;0.3;0.7;0.455;0.421;0.1;0.1;1;0.2;0.1;0.3;0.3;0.1;0.2;0.1;0.4;1.1
307;Kevin Love;PF;35;MIA;55;5;16.8;2.9;6.5;0.44;1.5;4.4;0.344;1.3;2.1;0.643;0.557;1.5;2;0.787;1.1;5.1;6.1;2.1;0.3;0.2;0.9;1.8;8.8
308;Kyle Lowry;PG;37;TOT;60;55;28.2;2.7;6.3;0.432;1.6;4.2;0.392;1.1;2.1;0.512;0.562;1.1;1.3;0.84;0.6;2.7;3.2;4.2;1;0.4;1.4;2.4;8.1
308;Kyle Lowry;PG;37;MIA;37;35;28;2.8;6.5;0.426;1.7;4.4;0.385;1.1;2.2;0.506;0.554;0.9;1.1;0.833;0.7;2.8;3.5;4;1.1;0.4;1.4;2.5;8.2
308;Kyle Lowry;PG;37;PHI;23;20;28.4;2.6;5.9;0.444;1.6;3.9;0.404;1;2;0.522;0.578;1.2;1.4;0.848;0.4;2.4;2.8;4.6;0.9;0.3;1.4;2.3;8
309;Seth Lundy;SF;23;ATL;9;0;5.8;0.4;1.9;0.235;0.3;1.4;0.231;0.1;0.4;0.25;0.324;0.3;0.4;0.75;0.1;0.7;0.8;0;0;0;0.1;0.7;1.6
310;Trey Lyles;PF;28;SAC;58;0;20;2.5;5.5;0.445;1.4;3.8;0.384;1;1.8;0.578;0.576;0.8;1.2;0.7;1.1;3.4;4.4;1.2;0.3;0.3;0.7;1.5;7.2
311;Théo Maledon;PG;22;TOT;17;1;12.5;1.2;4.1;0.286;0.3;1.8;0.167;0.9;2.4;0.375;0.321;0.8;0.9;0.933;0.2;1.2;1.4;1.6;0.4;0;1.1;1.2;3.5
311;Théo Maledon;PG;22;CHO;13;1;15.4;1.5;5.1;0.288;0.4;2.3;0.167;1.1;2.8;0.389;0.326;0.8;0.9;0.917;0.3;1.5;1.8;2.2;0.5;0;1.2;1.4;4.2
311;Théo Maledon;PG;22;PHO;4;0;3.3;0.3;1;0.25;0;0;0;0.3;1;0.25;0.25;0.8;0.8;1;0;0.3;0.3;0;0;0;0.8;0.8;1.3
312;Sandro Mamukelashvili;C;24;SAS;46;5;9.8;1.6;3.4;0.471;0.4;1.4;0.297;1.2;2;0.593;0.532;0.5;0.7;0.735;1;2.2;3.2;1.1;0.2;0.3;0.4;0.8;4.1
313;Terance Mann;SG;27;LAC;75;71;25;3.4;6.6;0.515;0.9;2.7;0.348;2.4;3.9;0.633;0.587;1.1;1.3;0.832;1.2;2.2;3.4;1.6;0.6;0.2;0.6;1.9;8.8
314;Tre Mann;PG;22;TOT;41;28;24.1;3.5;7.7;0.459;1.1;3.1;0.373;2.4;4.6;0.516;0.533;1.1;1.4;0.763;0.5;3.1;3.6;4;1.2;0.1;1.6;1.2;9.3
314;Tre Mann;PG;22;OKC;13;0;9.2;1.5;3.1;0.5;0.6;1.5;0.421;0.9;1.6;0.571;0.6;0.1;0.1;1;0.3;1.5;1.8;1.5;0.2;0;0.7;0.2;3.8
314;Tre Mann;PG;22;CHO;28;28;31;4.5;9.9;0.453;1.4;3.8;0.364;3.1;6;0.509;0.524;1.6;2.1;0.759;0.6;3.9;4.5;5.2;1.7;0.1;2;1.6;11.9
315;Boban Marjanovi?;C;35;HOU;14;0;5.1;1.3;2.4;0.529;0;0.1;0;1.3;2.3;0.563;0.529;0.6;1;0.643;0.5;1.8;2.3;0.4;0.1;0.1;0.4;0.4;3.2
316;Lauri Markkanen;PF;26;UTA;55;55;33.1;7.8;16.2;0.48;3.2;8;0.399;4.6;8.2;0.559;0.578;4.5;5;0.899;2.2;5.9;8.2;2;0.9;0.5;1.4;1.8;23.2
317;Naji Marshall;SF;26;NOP;66;1;19;2.6;5.6;0.463;0.9;2.3;0.387;1.7;3.3;0.516;0.542;1;1.3;0.791;0.8;2.8;3.6;1.9;0.7;0.2;1;1.4;7.1
318;Caleb Martin;SF;28;MIA;64;23;27.4;3.8;8.7;0.431;1.3;3.6;0.349;2.5;5.1;0.489;0.504;1.2;1.5;0.778;1.2;3.2;4.4;2.2;0.7;0.5;1.2;2;10
319;Cody Martin;SF;28;CHO;28;22;26.9;2.9;7.7;0.381;1;3.1;0.314;2;4.6;0.426;0.444;0.7;1.2;0.606;0.7;3.2;3.9;3.7;1.1;0.6;1.6;1.7;7.5
320;KJ Martin;SF;23;TOT;60;2;12.4;1.6;3;0.536;0.1;0.5;0.286;1.5;2.6;0.582;0.558;0.4;0.7;0.537;0.7;1.5;2.2;0.9;0.4;0.2;0.5;1.7;3.7
320;KJ Martin;SF;23;LAC;2;0;15.5;2;5;0.4;0.5;2.5;0.2;1.5;2.5;0.6;0.45;0.5;1;0.5;0.5;1;1.5;0.5;1;0.5;1;1.5;5
320;KJ Martin;SF;23;PHI;58;2;12.3;1.6;2.9;0.544;0.1;0.4;0.304;1.5;2.6;0.581;0.564;0.4;0.7;0.538;0.7;1.5;2.2;0.9;0.3;0.2;0.5;1.7;3.7
321;Garrison Mathews;SG;27;ATL;66;5;15;1.6;3.4;0.456;1.3;2.9;0.44;0.3;0.5;0.545;0.644;0.5;0.6;0.81;0.3;1.1;1.4;0.6;0.3;0.1;0.3;1.7;4.9
322;Bennedict Mathurin;SF;21;IND;59;19;26.1;5;11.2;0.446;1.4;3.6;0.374;3.7;7.6;0.481;0.507;3.1;3.8;0.821;1;2.9;4;2;0.6;0.2;1.6;2;14.5
323;Wesley Matthews;SG;37;ATL;36;3;11.5;0.9;2.7;0.351;0.7;1.9;0.348;0.3;0.8;0.357;0.474;0.5;0.7;0.75;0.3;1.2;1.5;0.6;0.4;0.3;0.2;1.2;3.1
324;Tyrese Maxey;PG;23;PHI;70;70;37.5;9.1;20.3;0.45;3;8.1;0.373;6.1;12.1;0.501;0.524;4.7;5.4;0.868;0.5;3.2;3.7;6.2;1;0.5;1.7;2.2;25.9
325;Skylar Mays;PG-SG;26;TOT;38;5;11.4;1.7;4.2;0.396;0.4;1.4;0.296;1.2;2.8;0.448;0.447;0.3;0.4;0.765;0.3;0.9;1.1;2.2;0.6;0.1;0.5;0.7;4.1
325;Skylar Mays;PG;26;POR;21;5;17;2.5;6.6;0.384;0.7;2.3;0.286;1.9;4.2;0.438;0.435;0.6;0.8;0.765;0.4;1.3;1.8;3.6;0.7;0.1;0.9;1;6.3
325;Skylar Mays;SG;26;LAL;17;0;4.5;0.6;1.2;0.476;0.1;0.3;0.4;0.5;0.9;0.5;0.524;0;0;0;0.1;0.3;0.4;0.6;0.4;0.1;0.1;0.4;1.3
326;Miles McBride;PG;23;NYK;68;14;19.5;3;6.7;0.452;1.6;3.9;0.41;1.4;2.8;0.511;0.572;0.6;0.7;0.86;0.5;1;1.5;1.7;0.7;0.1;0.4;1.6;8.3
327;CJ McCollum;PG;32;NOP;66;66;32.7;7.3;16;0.459;3.6;8.4;0.429;3.7;7.5;0.492;0.572;1.7;2.1;0.827;0.6;3.7;4.3;4.6;0.9;0.6;1.7;1.9;20
328;T.J. McConnell;PG;31;IND;71;4;18.2;4.6;8.4;0.556;0.3;0.6;0.409;4.4;7.7;0.568;0.572;0.7;0.9;0.79;0.5;2.2;2.7;5.5;1;0.1;1.5;1.1;10.2
329;Jaden McDaniels;SF;23;MIN;72;71;29.2;4.3;8.7;0.489;1.2;3.5;0.337;3.1;5.2;0.592;0.557;0.8;1.1;0.722;0.8;2.3;3.1;1.4;0.9;0.6;1.2;3;10.5
330;Jalen McDaniels;SF;26;TOR;50;1;10.8;1.3;3.8;0.344;0.2;1.4;0.169;1.1;2.4;0.449;0.376;0.5;0.7;0.73;0.4;1.2;1.6;0.7;0.4;0.1;0.6;1;3.4
331;Doug McDermott;SF;32;TOT;64;0;14.1;1.9;4.4;0.433;1.5;3.6;0.41;0.5;0.9;0.527;0.599;0.2;0.3;0.579;0.2;0.8;0.9;1.1;0.3;0;0.4;1;5.5
331;Doug McDermott;SF;32;SAS;46;0;15.2;2.1;4.7;0.442;1.7;3.8;0.439;0.4;0.9;0.452;0.619;0.2;0.4;0.588;0.2;0.9;1;1.2;0.2;0;0.5;1;6
331;Doug McDermott;SF;32;IND;18;0;11.3;1.6;3.8;0.406;1;3.1;0.321;0.6;0.7;0.769;0.536;0.1;0.1;0.5;0.1;0.5;0.6;0.7;0.3;0;0.2;0.9;4.2
332;JaVale McGee;C;36;SAC;46;0;7.4;1.7;2.9;0.598;0;0.2;0.143;1.7;2.7;0.624;0.602;0.6;1;0.578;0.9;1.8;2.7;0.4;0.3;0.4;0.7;1;4
333;Bryce McGowens;SG;21;CHO;59;14;14.9;1.7;3.9;0.439;0.6;1.7;0.333;1.1;2.2;0.523;0.513;1.1;1.4;0.776;0.3;1.4;1.7;0.9;0.4;0.2;0.5;1.3;5.1
334;Jordan McLaughlin;PG;27;MIN;56;0;11.2;1.3;2.6;0.483;0.8;1.6;0.472;0.5;1;0.5;0.628;0.2;0.3;0.722;0.3;1;1.3;2;0.6;0.1;0.3;0.6;3.5
335;De'Anthony Melton;SG;25;PHI;38;33;26.9;3.7;9.5;0.386;2;5.6;0.36;1.6;3.8;0.425;0.493;1.7;2.1;0.835;0.7;3;3.7;3;1.6;0.4;1;2.2;11.1
336;Nathan Mensah;C;25;CHO;25;0;12.3;0.5;1.1;0.429;0;0;0;0.5;1.1;0.429;0.429;0.4;0.5;0.75;1.2;1.4;2.6;0.4;0.2;0.6;0.6;2.6;1.3
337;Sam Merrill;SG;27;CLE;61;1;17.5;2.6;6.4;0.402;2.3;5.8;0.404;0.2;0.6;0.385;0.584;0.4;0.5;0.929;0.4;1.6;2;1.8;0.3;0.1;0.3;1.2;8
338;Chimezie Metu;C;26;TOT;51;12;16.8;2.4;4.8;0.504;0.5;1.8;0.298;1.9;2.9;0.633;0.561;1.1;1.3;0.906;0.8;3;3.8;0.9;0.8;0.3;1;1.4;6.5
338;Chimezie Metu;C;26;PHO;37;5;12.1;1.8;3.5;0.508;0.4;1.4;0.294;1.4;2.1;0.646;0.565;1;1.2;0.884;0.6;2.3;3;0.5;0.5;0.2;0.7;1.1;5
338;Chimezie Metu;C;26;DET;14;7;29.4;4.1;8.1;0.5;0.9;3.1;0.302;3.1;5.1;0.62;0.557;1.4;1.5;0.952;1.2;4.8;6;1.9;1.7;0.5;1.8;2.3;10.5
339;Vasilije Mici?;PG;30;TOT;60;21;19.6;2.7;6.2;0.43;0.7;2.6;0.279;1.9;3.6;0.537;0.488;1;1.3;0.813;0.2;1.2;1.5;4.4;0.5;0.1;1.7;1.1;7
339;Vasilije Mici?;PG;30;OKC;30;0;12;1.2;3;0.407;0.4;1.5;0.244;0.9;1.5;0.565;0.467;0.5;0.6;0.737;0;0.8;0.8;2.5;0.3;0.1;1;0.7;3.3
339;Vasilije Mici?;PG;30;CHO;30;21;27.2;4.1;9.3;0.437;1.1;3.6;0.294;3;5.7;0.529;0.495;1.6;1.9;0.839;0.4;1.7;2.1;6.2;0.7;0.1;2.3;1.5;10.8
340;Khris Middleton;SF;32;MIL;55;55;27;5.8;11.7;0.493;1.7;4.5;0.381;4.1;7.2;0.563;0.566;1.8;2.2;0.833;0.7;3.9;4.7;5.3;0.9;0.3;2.3;2.6;15.1
341;Brandon Miller;SF;21;CHO;74;68;32.2;6.4;14.6;0.44;2.5;6.7;0.373;3.9;8;0.495;0.524;1.9;2.3;0.827;0.8;3.4;4.3;2.4;0.9;0.6;1.8;2.5;17.3
342;Jordan Miller;SF;24;LAC;8;0;3.5;0.6;1.1;0.556;0.1;0.3;0.5;0.5;0.9;0.571;0.611;0.3;0.3;1;0.4;0.3;0.6;0;0;0;0.1;0.3;1.6
343;Leonard Miller;SF;20;MIN;17;0;3.1;0.8;1.2;0.65;0.1;0.3;0.4;0.6;0.9;0.733;0.7;0.1;0.1;0.5;0.3;0.9;1.2;0.5;0.1;0.1;0.1;0.3;1.7
344;Dariq Whitehead;SF;19;BRK;2;0;12;0.5;2.5;0.2;0;1.5;0;0.5;1;0.5;0.2;0.5;1;0.5;0;2;2;1.5;0;0.5;0;0;1.5
345;Patty Mills;PG;35;TOT;32;5;13;1.4;4.1;0.351;0.8;2.7;0.276;0.7;1.4;0.5;0.443;0.3;0.3;1;0.3;0.8;1.1;1.1;0.6;0;0.5;1;4
345;Patty Mills;PG;35;ATL;19;0;10.6;1;2.7;0.373;0.7;1.8;0.382;0.3;0.9;0.353;0.5;0;0;0;0.3;0.8;1.1;0.7;0.5;0.1;0.4;0.9;2.7
345;Patty Mills;PG;35;MIA;13;5;16.4;2.1;6.2;0.338;0.8;4.1;0.208;1.2;2.1;0.593;0.406;0.8;0.8;1;0.3;0.8;1.2;1.5;0.8;0;0.6;1.2;5.8
346;Shake Milton;SG;27;TOT;48;0;12.1;1.6;4.1;0.405;0.4;1.3;0.281;1.3;2.7;0.466;0.451;0.8;1;0.816;0.3;1.3;1.6;1.3;0.4;0.1;0.6;1.1;4.5
346;Shake Milton;SG;27;MIN;38;0;12.9;1.7;4.2;0.4;0.4;1.4;0.264;1.3;2.8;0.467;0.444;0.9;1.2;0.818;0.2;1.2;1.3;1.3;0.4;0.1;0.7;1.2;4.7
346;Shake Milton;SG;27;DET;4;0;15.8;2.8;6.5;0.423;0.8;2.3;0.333;2;4.3;0.471;0.481;0.5;0.8;0.667;1.8;2.8;4.5;1.5;0.5;0.3;0.8;0.8;6.8
346;Shake Milton;SG;27;NYK;6;0;4.5;0.7;1.5;0.444;0.2;0.3;0.5;0.5;1.2;0.429;0.5;0.3;0.3;1;0;1;1;0.7;0.2;0;0;1.2;1.8
347;Justin Minaya;SF;24;POR;34;1;11.2;0.6;2.2;0.297;0.4;1.4;0.245;0.3;0.7;0.4;0.378;0.1;0.3;0.556;0.9;0.8;1.6;0.6;0.3;0.3;0.3;1;1.8
348;Josh Minott;SF;21;MIN;32;0;2.8;0.5;1.1;0.472;0.1;0.3;0.4;0.4;0.8;0.5;0.528;0.4;0.4;0.857;0.1;0.4;0.5;0.3;0.2;0.2;0.1;0.3;1.6
349;Davion Mitchell;PG;25;SAC;72;4;15.3;2;4.5;0.452;0.8;2.2;0.361;1.2;2.3;0.539;0.54;0.4;0.6;0.714;0.3;1.1;1.3;1.9;0.2;0;0.6;1.2;5.3
350;Donovan Mitchell;SG;27;CLE;55;55;35.3;9.1;19.8;0.462;3.3;9;0.368;5.8;10.8;0.539;0.545;5;5.8;0.865;0.8;4.3;5.1;6.1;1.8;0.5;2.8;2.1;26.6
351;Evan Mobley;PF;22;CLE;50;50;30.6;6.4;11;0.58;0.4;1.2;0.373;6;9.9;0.604;0.6;2.5;3.4;0.719;2.2;7.1;9.4;3.2;0.9;1.4;1.8;2.7;15.7
352;Isaiah Mobley;PF;24;CLE;10;0;7.2;1;2.4;0.417;0.3;1;0.3;0.7;1.4;0.5;0.479;0;0.1;0;0.3;0.7;1;0.6;0.2;0;0.2;0.6;2.3
353;Malik Monk;SG;25;SAC;72;0;26;5.5;12.4;0.443;2.1;5.9;0.35;3.4;6.5;0.528;0.526;2.4;2.8;0.829;0.4;2.6;2.9;5.1;0.6;0.5;2.1;2.2;15.4
354;Moses Moody;SG;21;GSW;66;9;17.5;2.9;6.4;0.462;1.1;3;0.36;1.8;3.3;0.555;0.548;1.1;1.4;0.785;1;2;3;0.9;0.6;0.4;0.7;1.4;8.1
355;Xavier Moon;SG;29;LAC;14;1;8.5;1.1;3.3;0.326;0.1;1.2;0.118;0.9;2.1;0.448;0.348;0.1;0.1;0.5;0.6;0.7;1.3;1.5;0.2;0.2;0.4;0.6;2.4
356;Taze Moore;SG;25;POR;4;0;10;2;4.8;0.421;0.3;1.8;0.143;1.8;3;0.583;0.447;0.3;0.5;0.5;1;1;2;1.3;0.5;0;0.8;1;4.5
357;Wendell Moore Jr.;SG;22;MIN;25;0;3;0.4;0.7;0.5;0;0.2;0;0.4;0.5;0.75;0.5;0;0;0;0;0.5;0.5;0.2;0.2;0;0.2;0.2;0.7
358;Ja Morant;PG;24;MEM;9;9;35.3;8.9;18.9;0.471;1.6;5.7;0.275;7.3;13.2;0.555;0.512;5.8;7.1;0.813;0.7;4.9;5.6;8.1;0.8;0.6;3;2.1;25.1
359;Marcus Morris;PF;34;TOT;49;7;16.7;2.4;5.4;0.439;1;2.4;0.403;1.4;3;0.469;0.53;0.7;0.9;0.818;0.5;2.3;2.7;0.7;0.3;0.3;0.6;1.5;6.4
359;Marcus Morris;PF;34;PHI;37;7;17.2;2.4;5.5;0.439;1;2.4;0.4;1.5;3.1;0.47;0.527;0.8;1;0.861;0.5;2.5;2.9;0.7;0.4;0.3;0.5;1.6;6.7
359;Marcus Morris;PF;34;CLE;12;0;15;2.2;4.9;0.441;1;2.4;0.414;1.2;2.5;0.467;0.542;0.4;0.7;0.625;0.4;1.7;2.1;0.8;0.2;0.2;0.9;1.1;5.8
360;Markieff Morris;PF;34;DAL;26;1;8.3;0.9;2.6;0.338;0.6;1.6;0.357;0.3;1;0.308;0.449;0.2;0.2;0.833;0.2;1.3;1.5;0.6;0.2;0.1;0.5;0.5;2.5
361;Monte Morris;PG;28;TOT;33;0;14.4;1.9;4.6;0.405;0.8;2.1;0.386;1.1;2.5;0.422;0.493;0.4;0.6;0.684;0.2;1.5;1.7;2.1;0.6;0.3;0.2;0.4;5
361;Monte Morris;PG;28;DET;6;0;11.3;2;5.5;0.364;0.3;1.8;0.182;1.7;3.7;0.455;0.394;0.2;0.3;0.5;0.3;1.7;2;1.3;0.2;0.2;0.3;0.2;4.5
361;Monte Morris;PG;28;MIN;27;0;15.1;1.9;4.4;0.417;0.9;2.2;0.424;0.9;2.3;0.41;0.521;0.4;0.6;0.706;0.2;1.5;1.7;2.3;0.7;0.3;0.2;0.5;5.1
362;Trey Murphy III;SF;23;NOP;57;23;29.6;4.8;10.9;0.443;3;7.8;0.38;1.9;3.1;0.602;0.579;2.2;2.6;0.815;0.7;4.2;4.9;2.2;0.9;0.5;0.6;1.2;14.8
363;Dejounte Murray;SG;27;ATL;78;78;35.7;8.6;18.8;0.459;2.6;7.1;0.363;6;11.7;0.518;0.528;2.7;3.4;0.794;0.8;4.5;5.3;6.4;1.4;0.3;2.6;1.8;22.5
364;Jamal Murray;PG;26;DEN;59;59;31.5;8;16.7;0.481;2.5;5.8;0.425;5.6;10.9;0.51;0.554;2.7;3.1;0.853;0.7;3.4;4.1;6.5;1;0.7;2.1;1.8;21.2
365;Keegan Murray;SF;23;SAC;77;77;33.6;5.8;12.7;0.454;2.4;6.6;0.358;3.4;6;0.56;0.548;1.3;1.6;0.831;1.4;4.1;5.5;1.7;1;0.8;0.8;2.7;15.2
366;Kris Murray;SF;23;POR;62;29;21.7;2.3;5.9;0.396;0.8;3;0.268;1.5;3;0.525;0.463;0.6;0.9;0.661;1.4;2.2;3.6;1.3;0.9;0.3;0.9;1.5;6.1
367;Mike Muscala;C;32;TOT;53;6;11.3;1.1;2.9;0.359;0.5;1.8;0.292;0.5;1.1;0.467;0.449;0.3;0.5;0.68;0.7;1.6;2.4;0.7;0.2;0.2;0.4;1;3
367;Mike Muscala;C;32;WAS;24;2;14.1;1.4;3.8;0.367;0.6;2.1;0.275;0.8;1.6;0.487;0.444;0.6;0.8;0.75;0.9;2.2;3.1;0.9;0.2;0.3;0.7;1.3;4
367;Mike Muscala;C;32;DET;13;4;13.2;1.2;3.4;0.341;1;2.6;0.382;0.2;0.8;0.2;0.489;0.2;0.3;0.5;0.8;1.5;2.2;0.8;0.2;0.4;0.2;1;3.5
367;Mike Muscala;C;32;OKC;16;0;5.7;0.5;1.4;0.364;0.1;0.7;0.091;0.4;0.7;0.636;0.386;0;0.1;0;0.4;0.9;1.3;0.3;0.1;0.1;0.3;0.5;1.1
368;Svi Mykhailiuk;SF;26;BOS;41;2;10.1;1.4;3.3;0.416;1;2.6;0.389;0.4;0.7;0.517;0.569;0.1;0.2;0.667;0.3;1;1.2;0.9;0.3;0;0.3;0.5;4
369;Larry Nance Jr.;C;31;NOP;61;0;19.9;2.3;4;0.573;0.4;1.1;0.415;1.8;2.9;0.631;0.629;0.8;1;0.77;1.5;3.5;5;1.9;1;0.3;0.8;1.6;5.7
370;Pete Nance;PF;23;CLE;8;0;3.4;0.1;0.8;0.167;0.1;0.1;1;0;0.6;0;0.25;0;0.3;0;0;0.4;0.4;0;0.1;0;0.1;0.3;0.4
371;Andrew Nembhard;PG;24;IND;68;47;25;3.8;7.7;0.498;0.9;2.5;0.357;2.9;5.2;0.567;0.557;0.7;0.8;0.804;0.5;1.5;2.1;4.1;0.9;0.1;1.5;2.1;9.2
372;Aaron Nesmith;SF;24;IND;72;47;27.7;4.4;8.8;0.496;1.9;4.6;0.419;2.4;4.2;0.581;0.606;1.5;1.9;0.781;0.9;2.9;3.8;1.5;0.9;0.7;0.9;3.3;12.2
373;Georges Niang;PF;30;CLE;82;10;22.3;3.5;7.7;0.449;1.8;4.8;0.376;1.6;2.9;0.572;0.567;0.6;0.7;0.85;0.3;3.1;3.4;1.2;0.4;0.2;0.9;2.3;9.4
374;Daishen Nix;PG;21;MIN;15;0;3.3;0.6;1.6;0.375;0.4;1.1;0.353;0.2;0.5;0.429;0.5;0.2;0.4;0.5;0.1;0.1;0.2;0.4;0.3;0;0.3;0.1;1.8
375;Zeke Nnaji;PF;23;DEN;58;0;9.9;1.2;2.6;0.463;0.1;0.4;0.261;1.1;2.2;0.5;0.483;0.7;1.1;0.677;1.1;1.1;2.2;0.6;0.3;0.7;0.5;1.4;3.2
376;Jaylen Nowell;SG;24;TOT;13;1;16.5;2.6;6;0.436;0.5;2.2;0.207;2.2;3.8;0.571;0.474;0.5;0.7;0.778;0.5;1.4;1.8;1.5;0.3;0.2;0.5;1.2;6.2
376;Jaylen Nowell;SG;24;MEM;9;1;17.3;2.4;6.1;0.4;0.4;2.6;0.174;2;3.6;0.563;0.436;0.3;0.3;1;0.3;1.2;1.6;1.8;0.3;0;0.6;1.4;5.7
376;Jaylen Nowell;SG;24;DET;4;0;14.5;3;5.8;0.522;0.5;1.5;0.333;2.5;4.3;0.588;0.565;1;1.5;0.667;0.8;1.8;2.5;0.8;0.3;0.5;0.5;0.5;7.5
377;Markquis Nowell;SG;24;TOR;1;0;4;0;1;0;0;0;0;0;1;0;0;2;2;1;2;0;2;2;1;0;0;0;2
378;Frank Ntilikina;PG;25;CHO;5;0;8.6;0.2;1.8;0.111;0.2;1.6;0.125;0;0.2;0;0.167;0.4;0.4;1;0.2;1;1.2;0.8;0;0;0.2;0.8;1
379;Jusuf Nurki?;C;29;PHO;76;76;27.3;4.2;8.3;0.51;0.3;1.2;0.244;3.9;7.1;0.555;0.528;2.2;3.4;0.64;2.9;8.1;11;4;1.1;1.1;2.3;3.3;10.9
380;Jordan Nwora;SF;25;TOT;52;1;13.7;2.7;5.8;0.462;0.8;2.5;0.336;1.8;3.2;0.56;0.535;0.8;1;0.83;0.5;2.3;2.9;1.2;0.5;0.3;1;0.9;7
380;Jordan Nwora;SF;25;IND;18;0;10.2;2.1;4.6;0.451;0.6;2;0.306;1.4;2.6;0.565;0.518;0.5;0.6;0.818;0.4;1.4;1.8;1;0.3;0.1;0.7;1.1;5.2
380;Jordan Nwora;SF;25;TOR;34;1;15.6;3;6.4;0.465;1;2.8;0.347;2;3.6;0.557;0.541;1;1.2;0.833;0.6;2.8;3.4;1.3;0.6;0.4;1.2;0.9;7.9
381;Royce O'Neale;SF;30;TOT;79;14;24.7;2.7;6.8;0.397;2;5.3;0.37;0.7;1.5;0.496;0.542;0.3;0.4;0.686;0.8;4;4.8;2.8;0.7;0.6;0.9;2.2;7.7
381;Royce O'Neale;SF;30;BRK;49;6;24.5;2.6;6.6;0.388;2;5.4;0.366;0.6;1.2;0.483;0.537;0.3;0.4;0.682;0.8;3.7;4.5;2.8;0.7;0.6;1;2.4;7.4
381;Royce O'Neale;SF;30;PHO;30;8;25.1;2.9;7.1;0.411;2;5.2;0.376;1;1.9;0.509;0.549;0.3;0.4;0.692;0.7;4.5;5.2;2.7;0.9;0.5;0.7;1.8;8.1
382;Chuma Okeke;SF;25;ORL;47;8;9.2;0.9;2.4;0.357;0.5;1.7;0.28;0.4;0.6;0.567;0.46;0.1;0.1;0.571;0.4;1.3;1.7;0.4;0.2;0.1;0.3;0.4;2.3
383;Josh Okogie;SG;25;PHO;60;11;16;1.4;3.4;0.417;0.5;1.6;0.309;1;1.9;0.509;0.488;1.3;1.7;0.745;1.2;1.3;2.6;1.1;0.8;0.4;0.6;1.1;4.6
384;Onyeka Okongwu;C;23;ATL;55;8;25.5;4.1;6.6;0.611;0.4;1.3;0.333;3.6;5.4;0.676;0.642;1.7;2.1;0.793;2.6;4.2;6.8;1.3;0.5;1.1;0.8;2.9;10.2
385;Isaac Okoro;SF;23;CLE;69;42;27.3;3.4;7;0.49;1.2;3.1;0.391;2.2;3.8;0.57;0.577;1.3;2;0.679;1;2;3;1.9;0.8;0.5;0.8;2;9.4
386;Kelly Olynyk;C;32;TOT;78;27;22.6;3.5;6.4;0.555;0.8;2;0.387;2.8;4.4;0.632;0.616;1.9;2.3;0.833;1.4;3.9;5.3;4.4;0.9;0.4;1.9;2.9;9.8
386;Kelly Olynyk;C;32;UTA;50;8;20.4;2.9;5.2;0.562;0.7;1.7;0.429;2.2;3.5;0.626;0.632;1.6;1.9;0.842;1.3;3.8;5.1;4.4;0.7;0.2;1.6;2.6;8.1
386;Kelly Olynyk;C;32;TOR;28;19;26.4;4.7;8.5;0.548;0.9;2.5;0.338;3.8;6;0.637;0.598;2.5;3;0.824;1.6;4;5.6;4.6;1.3;0.6;2.5;3.5;12.7
387;Eugene Omoruyi;SF;26;WAS;43;0;9.1;1.9;3.9;0.485;0.3;1.1;0.283;1.6;2.8;0.562;0.524;0.7;1.1;0.653;0.8;1.2;2;0.8;0.6;0.1;0.5;1.4;4.8
388;Cedi Osman;SF;28;SAS;72;3;17.6;2.6;5.3;0.479;1.2;3.1;0.389;1.4;2.3;0.601;0.591;0.5;0.7;0.673;0.3;2.2;2.5;1.7;0.5;0.2;0.7;1.5;6.8
389;Kelly Oubre Jr.;SF;28;PHI;68;52;30.2;5.7;12.9;0.441;1.5;4.8;0.311;4.2;8.1;0.517;0.498;2.6;3.4;0.75;1.4;3.6;5;1.5;1.1;0.7;1.3;2.9;15.4
390;Chris Paul;PG;38;GSW;58;18;26.4;3.6;8.1;0.441;1.3;3.6;0.371;2.2;4.4;0.498;0.525;0.7;0.9;0.827;0.3;3.6;3.9;6.8;1.2;0.1;1.3;1.9;9.2
391;Cameron Payne;PG;29;TOT;78;10;16.7;2.7;6.2;0.432;1.3;3.4;0.39;1.3;2.7;0.486;0.541;0.7;0.9;0.866;0.3;1.2;1.5;2.6;0.5;0.1;0.8;1.6;7.4
391;Cameron Payne;PG;29;MIL;47;2;14.9;2.1;4.7;0.455;1.1;2.8;0.397;1;1.9;0.538;0.572;0.8;0.9;0.841;0.1;1.2;1.3;2.3;0.5;0.1;0.7;1.6;6.2
391;Cameron Payne;PG;29;PHI;31;8;19.4;3.5;8.4;0.413;1.7;4.4;0.382;1.8;4;0.447;0.514;0.7;0.7;0.913;0.5;1.3;1.8;3.1;0.6;0.3;1.1;1.7;9.3
392;Gary Payton II;SG;31;GSW;44;0;15.5;2.3;4.2;0.563;0.5;1.3;0.364;1.9;2.9;0.648;0.617;0.3;0.5;0.609;1;1.5;2.6;1.1;0.9;0.4;0.6;1.8;5.5
393;Mãozinha Pereira;SF;23;MEM;7;1;17.4;2.6;5;0.514;0.7;1.9;0.385;1.9;3.1;0.591;0.586;1;1.4;0.7;1.6;3.7;5.3;0.3;0.9;0.6;0.7;1.4;6.9
394;Drew Peterson;PF;24;BOS;3;0;7.7;1.3;2;0.667;1;1.7;0.6;0.3;0.3;1;0.917;0;0;0;0;0.3;0.3;0.3;0.7;0;0.3;0.3;3.7
395;Filip Petruev;C;23;TOT;3;0;3.3;0.3;0.7;0.5;0;0;0;0.3;0.7;0.5;0.5;0.3;0.7;0.5;0;0.3;0.3;0;0;0;0;0.3;1
395;Filip Petruev;C;23;PHI;1;0;3;0;0;0;0;0;0;0;0;0;0;0;0;0;0;1;1;0;0;0;0;0;0
395;Filip Petruev;C;23;SAC;2;0;3.5;0.5;1;0.5;0;0;0;0.5;1;0.5;0.5;0.5;1;0.5;0;0;0;0;0;0;0;0.5;1.5
396;Julian Phillips;SF;20;CHI;40;0;8.1;0.8;1.9;0.416;0.3;1;0.316;0.5;1;0.513;0.494;0.3;0.5;0.684;0.3;0.6;0.9;0.3;0.2;0.2;0.3;1;2.2
397;Jalen Pickett;SG;24;DEN;27;0;4.5;0.6;1.3;0.429;0.3;0.9;0.36;0.2;0.4;0.6;0.557;0.1;0.1;0.75;0;0.5;0.5;0.8;0.1;0;0.3;0.5;1.6
398;Scotty Pippen Jr.;PG;23;MEM;21;16;25.1;4.8;9.7;0.493;1.4;3.4;0.417;3.3;6.2;0.534;0.567;2;2.6;0.745;1;2.1;3.2;4.7;1.7;0.5;2.7;2.9;12.9
399;Mason Plumlee;C;33;LAC;46;11;14.7;1.9;3.3;0.569;0;0.1;0;1.9;3.2;0.592;0.569;1.5;2.2;0.707;1.3;3.8;5.1;1.2;0.3;0.4;0.8;1.5;5.3
400;Brandin Podziemski;SG;20;GSW;74;28;26.6;3.7;8.1;0.454;1.2;3.2;0.385;2.4;4.9;0.499;0.529;0.7;1.1;0.633;1.6;4.2;5.8;3.7;0.8;0.2;1.2;1.6;9.2
401;Jakob Poeltl;C;28;TOR;50;50;26.4;5;7.6;0.656;0;0;0;5;7.6;0.656;0.656;1.2;2.1;0.551;2.9;5.7;8.6;2.5;0.7;1.5;1.5;3;11.1
402;Aleksej Pokusevski;PF;22;TOT;28;0;14.5;1.8;4.3;0.405;0.6;2;0.327;1.1;2.4;0.47;0.479;1.1;1.5;0.732;0.6;2.6;3.2;1.3;0.5;0.5;0.7;0.8;5.2
402;Aleksej Pokusevski;PF;22;OKC;10;0;6;0.4;1.6;0.25;0.2;1.1;0.182;0.2;0.5;0.4;0.313;0.2;0.4;0.5;0.2;0.8;1;0.5;0.1;0.1;0.3;0.5;1.2
402;Aleksej Pokusevski;PF;22;CHO;18;0;19.2;2.5;5.8;0.429;0.9;2.4;0.364;1.6;3.4;0.475;0.505;1.6;2.1;0.757;0.8;3.6;4.4;1.7;0.8;0.7;0.9;0.9;7.4
403;Jordan Poole;SG;24;WAS;78;66;30.1;6.3;15.2;0.413;2.4;7.2;0.326;3.9;8;0.492;0.491;2.5;2.8;0.877;0.4;2.3;2.7;4.4;1.1;0.3;2.4;3.1;17.4
404;Craig Porter Jr.;PG;23;CLE;51;6;12.7;2.3;4.5;0.509;0.2;0.7;0.353;2;3.8;0.536;0.535;0.8;1.1;0.732;0.4;1.7;2.1;2.3;0.4;0.3;0.9;0.8;5.6
405;Jontay Porter;PF;24;TOR;26;5;13.8;1.5;4;0.385;0.8;2.3;0.333;0.8;1.7;0.455;0.481;0.6;0.7;0.833;1;2.2;3.2;2.3;0.8;0.8;0.8;1.3;4.4
406;Michael Porter Jr.;SF;25;DEN;81;81;31.7;6.4;13.3;0.484;2.7;6.8;0.397;3.7;6.5;0.575;0.586;1.1;1.4;0.836;1.3;5.7;7;1.5;0.5;0.7;1.1;1.8;16.7
407;Otto Porter Jr.;SF;30;TOR;15;1;11.6;0.9;2.2;0.424;0.5;1.5;0.348;0.4;0.7;0.6;0.545;0.2;0.2;1;0.4;1.5;1.9;0.5;0.3;0.3;0.1;1.3;2.6
408;Bobby Portis;PF;28;MIL;82;4;24.5;5.7;11.2;0.508;1.2;3;0.407;4.5;8.2;0.545;0.562;1.2;1.5;0.79;1.7;5.7;7.4;1.3;0.8;0.4;1.1;2.3;13.8
409;Kristaps Porzi??is;C;28;BOS;57;57;29.6;6.8;13.2;0.516;1.9;5.1;0.375;4.9;8.1;0.606;0.589;4.5;5.3;0.858;1.7;5.5;7.2;2;0.7;1.9;1.6;2.7;20.1
410;Micah Potter;PF;25;UTA;16;0;11.6;1.2;2.5;0.475;0.6;1.3;0.429;0.6;1.2;0.526;0.588;0.4;0.5;0.75;0.6;2.1;2.7;0.4;0.3;0.4;0.3;0.9;3.3
411;Dwight Powell;C;32;DAL;63;9;13.3;1.1;1.7;0.679;0;0;0.333;1.1;1.6;0.689;0.684;1;1.4;0.708;1.5;1.9;3.4;1.3;0.4;0.3;0.5;1.8;3.3
412;Norman Powell;SG;30;LAC;76;3;26.2;4.9;10.1;0.486;2.2;5.1;0.435;2.7;5.1;0.536;0.594;1.9;2.3;0.831;0.2;2.4;2.6;1.1;0.6;0.3;0.9;1.8;13.9
413;Jason Preston;PG;24;UTA;7;0;10.1;0.9;2.7;0.316;0;0.4;0;0.9;2.3;0.375;0.316;0;0;0;0.9;1.6;2.4;2.3;0.3;0.1;0.3;0.4;1.7
414;Joshua Primo;SG;21;LAC;2;0;5;0.5;1.5;0.333;0;0.5;0;0.5;1;0.5;0.333;0;0;0;0.5;0;0.5;0;0;0.5;2;0;1
415;Taurean Prince;PF;29;LAL;78;49;27;3.2;7.3;0.442;1.8;4.6;0.396;1.4;2.8;0.519;0.566;0.6;0.9;0.735;0.3;2.7;2.9;1.5;0.7;0.4;0.9;1.9;8.9
416;Payton Pritchard;PG;26;BOS;82;5;22.3;3.6;7.7;0.468;1.8;4.7;0.385;1.8;3.1;0.593;0.583;0.6;0.7;0.821;0.9;2.4;3.2;3.4;0.5;0.1;0.7;1.3;9.6
417;Olivier-Maxence Prosper;PF;21;DAL;40;1;8.4;1;2.6;0.385;0.3;1.1;0.289;0.7;1.5;0.458;0.447;0.7;1;0.683;0.6;1.4;2;0.6;0.2;0.1;0.2;0.5;3
418;Trevelin Queen;SG;26;ORL;14;0;11.8;1;2.7;0.368;0.2;1.2;0.176;0.8;1.5;0.524;0.408;0.6;0.9;0.75;0.2;1.2;1.4;1.3;0.5;0.4;0.5;1.1;2.9
419;Neemias Queta;C;24;BOS;28;0;11.9;2.4;3.7;0.644;0;0;0;2.4;3.7;0.644;0.644;0.7;1;0.714;1.9;2.5;4.4;0.7;0.5;0.8;0.5;1.8;5.5
420;Immanuel Quickley;PG-SG;24;TOT;68;38;29.2;5.7;13.1;0.434;2.5;6.4;0.395;3.2;6.8;0.471;0.53;3.1;3.6;0.853;0.3;3.6;3.8;4.9;0.7;0.1;1.5;1.8;17
420;Immanuel Quickley;SG;24;NYK;30;0;24;5.1;11.2;0.454;2.1;5.4;0.395;2.9;5.8;0.509;0.549;2.7;3.1;0.872;0.2;2.4;2.6;2.5;0.5;0.1;1;1.5;15
420;Immanuel Quickley;PG;24;TOR;38;38;33.3;6.2;14.7;0.422;2.8;7.1;0.395;3.4;7.6;0.448;0.518;3.3;4;0.841;0.3;4.5;4.8;6.8;0.9;0.2;1.8;2;18.6
421;Lester Quinones;SG;23;GSW;37;0;10.6;1.5;3.8;0.397;0.9;2.4;0.364;0.6;1.4;0.453;0.511;0.5;0.8;0.69;0.6;1.4;1.9;1;0.2;0.1;0.5;1.2;4.4
422;Jahmi'us Ramsey;SG;22;TOR;7;1;17.3;2.6;5.9;0.439;0.9;3.1;0.273;1.7;2.7;0.632;0.512;0.7;0.9;0.833;0.6;2.6;3.1;1.1;1;0;1;1.4;6.7
423;Julius Randle;PF;29;NYK;46;46;35.4;8.6;18.2;0.472;1.7;5.3;0.311;6.9;12.9;0.539;0.518;5.1;6.6;0.781;2.2;7;9.2;5;0.5;0.3;3.5;2.7;24
424;Duop Reath;C;27;POR;68;20;17.9;3.4;7.3;0.461;1.3;3.6;0.359;2.1;3.7;0.559;0.549;1;1.4;0.742;1.4;2.3;3.7;1;0.5;0.6;0.8;2.4;9.1
425;Austin Reaves;SG;25;LAL;82;57;32.1;5.6;11.5;0.486;1.9;5.1;0.367;3.7;6.3;0.583;0.568;2.8;3.3;0.853;0.7;3.6;4.3;5.5;0.8;0.3;2.1;1.9;15.9
426;Cam Reddish;SF;24;LAL;48;26;20.5;1.9;4.9;0.389;0.8;2.3;0.336;1.1;2.6;0.435;0.468;0.9;1.1;0.759;0.6;1.5;2.1;1;1;0.3;0.6;1.3;5.4
427;Paul Reed;C;24;PHI;82;24;19.4;3.2;5.9;0.54;0.3;0.7;0.368;2.9;5.2;0.563;0.561;0.7;1;0.718;2.4;3.6;6;1.3;0.8;1;0.8;2.4;7.3
428;Naz Reid;C;24;MIN;81;14;24.2;5;10.5;0.477;2.1;5;0.414;2.9;5.5;0.535;0.576;1.3;1.8;0.736;0.9;4.3;5.2;1.3;0.8;0.9;1.4;2.1;13.5
429;Jared Rhoden;SG;24;DET;17;0;14.4;1.9;3.9;0.5;0.7;1.8;0.387;1.2;2.1;0.6;0.591;0.3;0.5;0.625;0.2;1.8;1.9;0.8;0.2;0.8;0.4;1.6;4.9
430;Nick Richards;C;26;CHO;67;51;26.3;3.9;5.6;0.691;0;0;0;3.9;5.6;0.693;0.691;2;2.7;0.737;2.6;5.5;8;0.8;0.4;1.1;1.1;2.6;9.7
431;Josh Richardson;SG;30;MIA;43;6;25.7;3.6;8.1;0.444;1.5;4.4;0.347;2;3.7;0.561;0.539;1.2;1.3;0.944;0.4;2.4;2.8;2.4;0.6;0.3;0.8;1.8;9.9
432;Duncan Robinson;SF;29;MIA;68;36;28;4.5;9.9;0.45;2.8;7;0.395;1.7;3;0.579;0.589;1.2;1.3;0.889;0.2;2.3;2.5;2.8;0.7;0.2;1.4;2.4;12.9
433;Jerome Robinson;SG;26;GSW;22;0;3.7;0.5;1.5;0.333;0.1;0.8;0.118;0.4;0.7;0.563;0.364;0.3;0.5;0.636;0;0.2;0.3;0.2;0;0.1;0.1;0.2;1.4
434;Mitchell Robinson;C;25;NYK;31;21;24.8;2.4;4.1;0.575;0;0;0;2.4;4.1;0.575;0.575;0.9;2.1;0.409;4.6;3.9;8.5;0.6;1.2;1.1;0.8;1.8;5.6
435;Orlando Robinson;C;23;MIA;36;7;8.4;1;2;0.5;0.2;0.4;0.533;0.8;1.6;0.491;0.556;0.5;0.7;0.76;0.8;1.6;2.3;0.9;0.2;0.2;0.5;1;2.8
436;Jeremiah Robinson-Earl;PF;23;NOP;39;1;8.6;1.2;2.4;0.474;0.3;1;0.333;0.8;1.4;0.571;0.542;0.3;0.4;0.75;0.6;1.4;1.9;0.5;0.3;0.1;0.4;0.6;2.9
437;David Roddy;PF;22;TOT;65;13;18.1;2.5;6.3;0.403;0.7;2.5;0.293;1.8;3.8;0.478;0.462;0.7;1;0.691;0.8;2.4;3.2;1.2;0.4;0.2;0.9;1.1;6.5
437;David Roddy;PF;22;MEM;48;13;23.2;3.2;8;0.402;1;3.3;0.301;2.3;4.8;0.47;0.462;1;1.4;0.687;1.1;3.1;4.2;1.6;0.5;0.2;1.1;1.4;8.4
437;David Roddy;PF;22;PHO;17;0;3.7;0.6;1.4;0.435;0.1;0.5;0.125;0.5;0.9;0.6;0.457;0.1;0.1;1;0.1;0.5;0.6;0.2;0.1;0;0.2;0.2;1.3
438;Ryan Rollins;PG;21;TOT;13;0;6;1.1;2.1;0.519;0.2;0.3;0.75;0.8;1.8;0.478;0.574;1;1.3;0.765;0.2;0.8;1;1.1;0.8;0.2;0.6;0.6;3.4
438;Ryan Rollins;PG;21;WAS;10;0;6.6;1.3;2.5;0.52;0.2;0.3;0.667;1.1;2.2;0.5;0.56;1.3;1.7;0.765;0.2;0.9;1.1;1.1;0.8;0.3;0.7;0.7;4.1
438;Ryan Rollins;PG;21;MIL;3;0;4;0.3;0.7;0.5;0.3;0.3;1;0;0.3;0;0.75;0;0;0;0;0.7;0.7;1;0.7;0;0.3;0.3;1
439;Derrick Rose;PG;35;MEM;24;7;16.6;3.2;6.9;0.461;0.6;1.7;0.366;2.5;5.2;0.492;0.506;1;1.1;0.889;0.3;1.6;1.9;3.3;0.3;0.1;1.3;0.9;8
440;Terry Rozier;PG-SG;29;TOT;61;60;33.4;7.2;16.4;0.443;2.4;6.7;0.363;4.8;9.6;0.498;0.518;2.8;3.2;0.869;0.6;3.5;4;5.6;1;0.3;1.7;1.7;19.8
440;Terry Rozier;SG;29;CHO;30;30;35.5;8.4;18.3;0.459;2.8;7.7;0.358;5.6;10.6;0.533;0.535;3.6;4.3;0.845;0.6;3.3;3.9;6.6;1.1;0.4;2.2;1.7;23.2
440;Terry Rozier;PG;29;MIA;31;30;31.5;6.1;14.5;0.423;2.1;5.7;0.371;4;8.7;0.458;0.497;2;2.2;0.913;0.6;3.6;4.2;4.6;1;0.3;1.3;1.6;16.4
441;Rayan Rupert;SG;19;POR;39;12;16.2;1.4;4.1;0.335;0.7;2;0.359;0.7;2.1;0.313;0.422;0.5;0.6;0.76;0.6;1.7;2.4;1.6;0.3;0.1;0.8;1.4;4
442;D'Angelo Russell;PG;27;LAL;76;69;32.7;6.5;14.2;0.456;3;7.2;0.415;3.5;7;0.497;0.56;2.1;2.5;0.828;0.4;2.7;3.1;6.3;0.9;0.5;2.1;2.1;18
443;Matt Ryan;SF;26;NOP;28;1;13.9;1.8;4;0.434;1.5;3.3;0.451;0.3;0.8;0.364;0.615;0.5;0.5;0.929;0.2;1.2;1.4;0.6;0.2;0;0.7;1.1;5.4
444;Domantas Sabonis;C;27;SAC;82;82;35.7;7.7;13;0.594;0.4;1.1;0.379;7.3;12;0.613;0.609;3.6;5.1;0.704;3.6;10.1;13.7;8.2;0.9;0.6;3.3;3;19.4
445;Luka amani?;PF;24;UTA;43;7;9.4;1.4;3.7;0.38;0.3;1.5;0.203;1.1;2.2;0.5;0.421;1;1.3;0.786;0.5;1.9;2.4;0.4;0.1;0.2;0.7;0.7;4.1
446;Jermaine Samuels;SF;25;HOU;14;0;4.3;0.6;1;0.643;0;0.1;0;0.6;0.9;0.75;0.643;0.1;0.1;1;0.2;0.7;0.9;0.2;0.1;0.1;0;0.4;1.4
447;Adama Sanogo;PF;21;CHI;9;0;7.3;1.6;3;0.519;0;0;0;1.6;3;0.519;0.519;0.9;1.3;0.667;2.1;1.9;4;0;0.1;0;0.6;0.6;4
448;Gui Santos;PF;21;GSW;23;0;8.3;1.2;2.4;0.509;0.4;1.2;0.37;0.8;1.2;0.643;0.6;0.7;0.7;0.941;0.7;1.4;2.1;0.6;0.2;0.1;0.3;1;3.6
449;Dario ari?;C;29;GSW;64;9;17.2;2.8;6.1;0.466;1.2;3.1;0.376;1.7;3;0.56;0.562;1.2;1.5;0.849;1.1;3.3;4.4;2.3;0.5;0.2;1.2;1.8;8
450;Olivier Sarr;C;24;OKC;15;0;6.5;0.7;1.3;0.579;0.1;0.4;0.333;0.6;0.9;0.692;0.632;0.7;1;0.667;0.7;1.7;2.4;0.1;0;0.5;0.2;1.2;2.3
451;Marcus Sasser;PG;23;DET;71;11;19;3.1;7.2;0.428;1.3;3.4;0.375;1.8;3.8;0.474;0.516;0.8;0.9;0.879;0.2;1.6;1.8;3.3;0.6;0.2;1.3;1.5;8.3
452;Admiral Schofield;PF;26;ORL;23;0;3.7;0.4;1.1;0.385;0.3;0.7;0.375;0.2;0.4;0.4;0.5;0;0.1;0;0.1;0.6;0.7;0.3;0;0;0.2;0.4;1.1
453;Dennis Schröder;PG;30;TOT;80;58;31.1;5;11.6;0.435;1.7;4.6;0.375;3.3;7;0.474;0.509;2.2;2.7;0.836;0.5;2.5;3;6.1;0.8;0.2;1.9;2.1;14
453;Dennis Schröder;PG;30;TOR;51;33;30.6;4.8;11;0.442;1.5;4.3;0.35;3.3;6.6;0.501;0.511;2.5;2.9;0.852;0.4;2.3;2.7;6.1;0.9;0.2;1.6;2.1;13.7
453;Dennis Schröder;PG;30;BRK;29;25;32;5.4;12.7;0.424;2.1;5.1;0.412;3.3;7.6;0.432;0.507;1.8;2.2;0.797;0.6;2.9;3.5;6;0.6;0.3;2.4;2;14.6
454;Dereon Seabron;SG;23;NOP;6;0;9.2;0.7;2.2;0.308;0.2;0.3;0.5;0.5;1.8;0.273;0.346;0.8;1;0.833;0.2;1;1.2;0.8;0.3;0.2;0;0.7;2.3
455;Alperen Sengun;C;21;HOU;63;63;32.5;8.4;15.6;0.537;0.5;1.8;0.297;7.8;13.8;0.567;0.553;3.9;5.6;0.693;2.9;6.4;9.3;5;1.2;0.7;2.6;3.3;21.1
456;Brice Sensabaugh;SF;20;UTA;32;11;18.3;2.7;6.8;0.39;1.1;3.6;0.296;1.6;3.2;0.495;0.468;1.2;1.3;0.902;0.5;2.7;3.2;1.7;0.4;0.2;1.5;1.3;7.5
457;Collin Sexton;SG;25;UTA;78;51;26.6;6.5;13.3;0.487;1.6;4.2;0.394;4.8;9.1;0.53;0.549;4.1;4.7;0.859;0.9;1.7;2.6;4.9;0.8;0.2;2.1;2;18.7
458;Landry Shamet;SG;26;WAS;46;5;15.8;2.6;6;0.431;1.2;3.4;0.338;1.4;2.5;0.556;0.527;0.8;1;0.826;0.3;1;1.3;1.2;0.5;0.2;0.7;1.7;7.1
459;Day'Ron Sharpe;C;22;BRK;61;1;15.1;2.8;4.8;0.571;0.1;0.2;0.267;2.7;4.6;0.588;0.578;1.2;2;0.61;2.6;3.7;6.4;1.4;0.4;0.7;1.1;2.1;6.8
460;Shaedon Sharpe;SG;20;POR;32;25;33.1;5.5;13.6;0.406;1.9;5.6;0.333;3.6;7.9;0.457;0.475;3.1;3.7;0.824;1.3;3.7;5;2.9;0.9;0.4;2.3;2.8;15.9
461;Ben Sheppard;SG;22;IND;57;1;14.3;1.6;4;0.393;0.9;2.7;0.314;0.7;1.3;0.562;0.5;0.4;0.5;0.885;0.3;1.3;1.6;0.9;0.6;0;0.3;1.5;4.4
462;Pascal Siakam;PF;29;TOT;80;80;33.2;8.5;15.9;0.536;1.1;3.1;0.346;7.5;12.8;0.581;0.569;3.6;5;0.732;1.7;5.3;7.1;4.3;0.8;0.3;1.8;2.4;21.7
462;Pascal Siakam;PF;29;TOR;39;39;34.7;8.3;16;0.522;1.2;3.7;0.317;7.2;12.3;0.584;0.559;4.3;5.7;0.758;1.4;4.9;6.3;4.9;0.8;0.3;2.1;2.2;22.2
462;Pascal Siakam;PF;29;IND;41;41;31.8;8.7;15.8;0.549;1;2.5;0.386;7.7;13.3;0.58;0.579;3;4.2;0.699;2.1;5.7;7.8;3.7;0.8;0.4;1.4;2.6;21.3
463;Ben Simmons;PG;27;BRK;15;12;23.9;2.9;4.9;0.581;0;0;0;2.9;4.9;0.581;0.581;0.4;1;0.4;2.1;5.9;7.9;5.7;0.8;0.6;1.8;2.4;6.1
464;Kobi Simmons;PG;26;TOR;4;0;16.8;2.3;5.3;0.429;0.5;2;0.25;1.8;3.3;0.538;0.476;0;0;0;0.3;1.5;1.8;3;1.5;0.5;0.3;1.3;5
465;Anfernee Simons;SG;24;POR;46;46;34.4;7.8;18.2;0.43;3.4;8.8;0.385;4.4;9.4;0.472;0.523;3.5;3.9;0.916;0.5;3.2;3.6;5.5;0.5;0.1;2.7;2.1;22.6
466;Zavier Simpson;PG;26;MEM;7;0;23;2.4;7.7;0.315;0.7;2.4;0.294;1.7;5.3;0.324;0.361;0.4;0.6;0.75;0.6;2.3;2.9;3.6;1;0.4;1.4;1.6;6
467;Jericho Sims;C;25;NYK;45;11;13;0.8;1.2;0.691;0;0;0;0.8;1.2;0.691;0.691;0.4;0.5;0.667;1.2;2;3.3;0.6;0.2;0.4;0.4;1;2
468;Dmytro Skapintsev;C;25;NYK;2;0;1;0;0.5;0;0;0;0;0;0.5;0;0;0;0;0;0;0;0;0;0;0;0;0;0
469;Jalen Slawson;SF;24;SAC;12;0;3.1;0.3;0.5;0.667;0;0.2;0;0.3;0.3;1;0.667;0;0;0;0.1;0.5;0.6;0.2;0.1;0.1;0.2;0.7;0.7
470;Javonte Smart;PG;24;PHI;1;0;1;0;0;0;0;0;0;0;0;0;0;0;0;0;0;0;0;0;0;0;0;0;0
471;Marcus Smart;PG;29;MEM;20;20;30.3;5.1;11.9;0.43;2.1;6.7;0.313;3;5.2;0.583;0.519;2.2;2.8;0.768;0.3;2.4;2.7;4.3;2.1;0.3;3.1;2.7;14.5
472;Dennis Smith Jr.;PG;26;BRK;56;2;18.9;2.6;6;0.435;0.6;1.9;0.294;2.1;4.1;0.502;0.482;0.8;1;0.741;0.9;2;2.9;3.6;1.2;0.2;1.2;2.2;6.6
473;Dru Smith;SG;26;MIA;9;0;14.6;1.7;3.7;0.455;0.8;1.9;0.412;0.9;1.8;0.5;0.561;0.2;0.2;1;0.7;0.9;1.6;1.6;1;0.3;0.6;1.3;4.3
474;Ish Smith;PG;35;CHO;43;5;17.2;1.5;3.7;0.418;0.1;0.2;0.5;1.4;3.5;0.413;0.43;0.1;0.1;0.75;0.3;1.5;1.8;3.4;0.4;0.1;1.1;1.1;3.2
475;Jabari Smith Jr.;PF;20;HOU;76;76;31.9;5;11;0.454;1.8;5;0.363;3.2;6;0.53;0.537;2;2.4;0.811;1.8;6.3;8.1;1.6;0.7;0.8;1.2;2.6;13.7
476;Jalen Smith;C;23;IND;61;14;17.2;3.8;6.5;0.592;1;2.4;0.424;2.8;4.1;0.689;0.67;1.2;1.7;0.692;1.8;3.7;5.5;1;0.3;0.6;0.7;2;9.9
477;Nick Smith Jr.;SG;19;CHO;51;0;14.3;2.2;5.7;0.391;1.2;2.9;0.432;1;2.8;0.35;0.5;0.3;0.3;0.867;0.4;1.1;1.4;1.2;0.2;0.1;0.8;1.1;5.9
478;Terquavion Smith;PG;21;PHI;16;0;5.3;1.1;2.9;0.391;0.8;2.2;0.371;0.3;0.7;0.455;0.533;0.2;0.3;0.6;0;0.3;0.3;0.8;0.5;0;0.4;0.5;3.3
479;Jeremy Sochan;PF;20;SAS;74;73;29.6;4.6;10.5;0.438;0.9;3.1;0.308;3.6;7.4;0.492;0.483;1.5;1.9;0.771;1.9;4.6;6.4;3.4;0.8;0.5;1.9;2.3;11.6
480;Pat Spencer;PG;27;GSW;6;0;4.3;0.3;0.7;0.5;0;0.3;0;0.3;0.3;1;0.5;0;0;0;0.3;0.3;0.7;0.8;0;0;0.2;0.2;0.7
481;Jaden Springer;SG-PG;21;TOT;49;2;10.3;1.2;3;0.399;0.2;1;0.208;1;2;0.49;0.432;0.7;0.9;0.833;0.7;0.9;1.6;0.9;0.7;0.3;0.7;1.3;3.3
481;Jaden Springer;SG;21;PHI;32;1;11.8;1.4;3.7;0.39;0.3;1.2;0.216;1.2;2.5;0.469;0.424;0.9;1.1;0.824;0.8;1;1.8;1.1;0.8;0.3;0.8;1.5;4
481;Jaden Springer;PG;21;BOS;17;1;7.6;0.8;1.8;0.433;0.1;0.6;0.182;0.6;1.1;0.579;0.467;0.4;0.5;0.875;0.5;0.7;1.2;0.5;0.6;0.2;0.5;1;2.1
482;Lamar Stevens;PF;26;TOT;38;3;14.7;2.8;6.3;0.45;0.4;1.2;0.304;2.5;5.1;0.485;0.479;1.1;1.4;0.778;0.9;2.4;3.3;0.7;0.6;0.6;0.6;1.2;7.2
482;Lamar Stevens;PF;26;BOS;19;1;6.4;1.1;2.4;0.467;0.2;0.4;0.375;0.9;1.9;0.486;0.5;0.4;0.6;0.727;0.6;1;1.6;0.4;0.3;0.3;0.5;0.7;2.8
482;Lamar Stevens;PF;26;MEM;19;2;23;4.6;10.3;0.446;0.6;2;0.289;4;8.3;0.484;0.474;1.8;2.3;0.791;1.3;3.8;5.1;1.1;0.9;0.9;0.8;1.6;11.5
483;Isaiah Stewart;PF;22;DET;46;45;30.9;4;8.3;0.487;1.5;3.8;0.383;2.6;4.5;0.575;0.575;1.4;1.8;0.753;1.6;5;6.6;1.6;0.4;0.8;1.4;2.2;10.9
484;Julian Strawther;SF;21;DEN;50;0;10.9;1.6;4.4;0.369;0.8;2.8;0.297;0.8;1.7;0.488;0.462;0.4;0.6;0.71;0.1;1.1;1.2;0.9;0.3;0.1;0.5;1.1;4.5
485;Max Strus;SF;27;CLE;70;70;32;4.3;10.4;0.418;2.4;6.8;0.351;1.9;3.6;0.546;0.533;1.1;1.4;0.794;0.9;3.9;4.8;4;0.9;0.4;1.6;2.4;12.2
486;Jalen Suggs;SG;22;ORL;75;75;27;4.5;9.5;0.471;2;5.1;0.397;2.4;4.4;0.556;0.578;1.6;2.1;0.756;0.6;2.4;3.1;2.7;1.4;0.6;1.8;2.7;12.6
487;Cole Swider;SF;24;MIA;18;0;4.8;0.8;2.1;0.395;0.6;1.7;0.333;0.3;0.4;0.625;0.526;0.1;0.1;1;0.1;0.3;0.4;0.3;0.1;0.1;0.4;0.2;2.3
488;Jae'Sean Tate;SF;28;HOU;65;9;15.9;1.7;3.5;0.472;0.4;1.2;0.299;1.3;2.3;0.559;0.522;0.4;0.6;0.667;0.9;2.1;3;1;0.6;0.2;0.6;2.1;4.1
489;Jayson Tatum;PF;25;BOS;74;74;35.7;9.1;19.3;0.471;3.1;8.2;0.376;6;11;0.542;0.552;5.6;6.7;0.833;0.9;7.2;8.1;4.9;1;0.6;2.5;2;26.9
490;Terry Taylor;PF;24;CHI;31;0;6.1;0.6;1.3;0.513;0.1;0.3;0.222;0.6;1;0.6;0.538;0.1;0.2;0.8;0.5;0.6;1.2;0.3;0.2;0.1;0.2;0.5;1.5
491;Garrett Temple;SG;37;TOR;27;2;10.7;1.1;2.9;0.372;0.4;1.5;0.3;0.6;1.4;0.447;0.449;0.7;0.8;0.818;0.7;1;1.7;1;0.4;0.1;0.5;1;3.3
492;Dalen Terry;SG;21;CHI;59;2;11.5;1.2;2.7;0.439;0.3;1.3;0.23;0.9;1.4;0.627;0.494;0.4;0.7;0.581;0.5;1.4;1.9;1.4;0.5;0.3;0.5;1.4;3.1
493;Daniel Theis;C;31;TOT;60;3;16.9;2.6;4.9;0.532;0.4;1.2;0.366;2.2;3.7;0.586;0.577;0.6;0.8;0.76;1.4;2.7;4.1;1;0.4;0.9;0.7;2.1;6.3
493;Daniel Theis;C;31;IND;1;0;8;1;4;0.25;0;1;0;1;3;0.333;0.25;0;0;0;0;0;0;0;0;0;0;1;2
493;Daniel Theis;C;31;LAC;59;3;17.1;2.6;4.9;0.536;0.4;1.2;0.371;2.2;3.7;0.589;0.581;0.6;0.8;0.76;1.4;2.7;4.1;1;0.4;0.9;0.7;2.1;6.3
494;Cam Thomas;SG;22;BRK;66;51;31.4;8;18;0.442;2.2;6;0.364;5.8;12;0.481;0.503;4.3;5.1;0.856;0.4;2.8;3.2;2.9;0.7;0.2;1.9;2.1;22.5
495;Isaiah Thomas;PG;34;PHO;6;0;3.2;0.5;1.7;0.3;0.3;0.7;0.5;0.2;1;0.167;0.4;0;0;0;0;0;0;0.5;0;0;0;0;1.3
496;Amen Thompson;SF;21;HOU;62;23;22.4;3.9;7.2;0.536;0.1;0.9;0.138;3.7;6.3;0.595;0.545;1.7;2.5;0.684;2.4;4.2;6.6;2.6;1.3;0.6;1.5;2.3;9.5
497;Ausar Thompson;SF;21;DET;63;38;25.1;3.7;7.6;0.483;0.3;1.8;0.186;3.3;5.8;0.575;0.505;1.1;1.9;0.597;2;4.3;6.4;1.9;1.1;0.9;1.3;2.8;8.8
498;Klay Thompson;SF;33;GSW;77;63;29.7;6.4;14.7;0.432;3.5;9;0.387;2.9;5.7;0.503;0.551;1.6;1.8;0.927;0.5;2.8;3.3;2.3;0.6;0.5;1.5;1.6;17.9
499;Tristan Thompson;C;32;CLE;49;0;11.2;1.5;2.4;0.608;0;0;0;1.5;2.4;0.613;0.608;0.3;1.1;0.288;1.5;2.1;3.6;1;0.2;0.3;0.6;1.2;3.3
500;JT Thor;PF;21;CHO;63;3;12.4;1.3;2.9;0.437;0.4;1.3;0.346;0.8;1.6;0.51;0.514;0.2;0.3;0.55;0.7;1.6;2.3;0.5;0.2;0.4;0.2;1;3.2
501;Matisse Thybulle;SF;26;POR;65;19;22.9;1.9;4.9;0.397;1.2;3.6;0.346;0.7;1.3;0.535;0.524;0.3;0.4;0.759;0.5;1.6;2.1;1.4;1.7;0.8;0.6;1.4;5.4
502;Xavier Tillman Sr.;C-PF;25;TOT;54;15;18;2.2;5.2;0.434;0.4;1.5;0.247;1.9;3.7;0.51;0.47;0.4;0.9;0.44;1.3;2.6;3.9;1.4;0.9;0.8;0.6;1.4;5.3
502;Xavier Tillman Sr.;C;25;MEM;34;13;20.6;2.6;6.3;0.408;0.4;1.6;0.226;2.2;4.7;0.469;0.437;0.5;1.3;0.419;1.6;3;4.6;1.7;1.2;1;0.9;1.8;6
502;Xavier Tillman Sr.;PF;25;BOS;20;2;13.7;1.7;3.3;0.515;0.4;1.4;0.286;1.3;1.9;0.684;0.576;0.2;0.4;0.571;0.7;2;2.7;1;0.5;0.5;0.3;0.8;4
503;Jacob Toppin;SF;23;NYK;9;0;4.2;0.6;1;0.556;0.1;0.4;0.25;0.4;0.6;0.8;0.611;0.2;0.2;1;0.3;0.4;0.8;0.3;0;0.1;0.1;0.3;1.4
504;Obi Toppin;PF;25;IND;82;28;21.1;4;7.1;0.573;1.2;3.1;0.403;2.8;4;0.706;0.661;0.9;1.2;0.77;1;2.9;3.9;1.6;0.6;0.5;0.8;1.7;10.3
505;Juan Toscano-Anderson;SF;30;SAC;11;0;4.8;0.3;1.1;0.25;0.1;0.4;0.25;0.2;0.7;0.25;0.292;0;0;0;0.4;0.9;1.3;0.4;0.1;0.1;0.2;1;0.6
506;Karl-Anthony Towns;PF;28;MIN;62;62;32.7;7.7;15.3;0.504;2.2;5.3;0.416;5.5;10.1;0.55;0.575;4.1;4.7;0.873;1.5;6.8;8.3;3;0.7;0.7;2.9;3.3;21.8
507;Gary Trent Jr.;SG;25;TOR;71;41;28.1;5.1;11.9;0.426;2.5;6.4;0.393;2.6;5.5;0.464;0.531;1;1.4;0.771;0.4;2.3;2.6;1.7;1.1;0.1;0.7;1.4;13.7
508;Oscar Tshiebwe;PF;24;IND;8;0;5.3;1.3;2.5;0.5;0;0;0;1.3;2.5;0.5;0.5;0.8;1;0.75;1;1;2;0.3;0.3;0.1;0;0.4;3.3
509;P.J. Tucker;PF;38;TOT;31;10;15.7;0.6;1.6;0.36;0.4;1.1;0.371;0.2;0.5;0.333;0.49;0.1;0.1;1;0.9;1.8;2.7;0.5;0.5;0.2;0.3;1.7;1.7
509;P.J. Tucker;PF;38;PHI;3;3;22;0.7;1.7;0.4;0.7;1.7;0.4;0;0;0;0.6;0;0;0;0.3;4.3;4.7;0;1;0.7;0.7;3;2
509;P.J. Tucker;PF;38;LAC;28;7;15;0.6;1.6;0.356;0.4;1.1;0.367;0.2;0.5;0.333;0.478;0.1;0.1;1;1;1.6;2.5;0.6;0.5;0.2;0.2;1.6;1.6
510;Myles Turner;C;27;IND;77;77;27;6.2;11.8;0.524;1.5;4.2;0.358;4.7;7.6;0.615;0.587;3.2;4.1;0.773;1.5;5.5;6.9;1.3;0.5;1.9;1.4;3;17.1
511;Hunter Tyson;PF;23;DEN;18;0;2.7;0.4;1.1;0.4;0.2;0.8;0.286;0.2;0.3;0.667;0.5;0;0;0;0.1;0.4;0.5;0.1;0.1;0;0.1;0.6;1.1
512;Stanley Umude;SG;24;DET;24;2;12.8;1.5;3.5;0.44;1;2.2;0.453;0.5;1.3;0.419;0.583;1.2;1.3;0.906;0.3;1.8;2.1;0.5;0.3;0.3;0.6;1.7;5.3
513;Jonas Valan?i?nas;C;31;NOP;82;82;23.5;4.9;8.8;0.559;0.5;1.5;0.308;4.5;7.3;0.609;0.585;2;2.5;0.785;2.3;6.5;8.8;2.1;0.4;0.8;1.4;2.7;12.2
514;Jarred Vanderbilt;PF;24;LAL;29;6;20;2;3.9;0.518;0.3;0.9;0.296;1.8;3;0.586;0.553;0.8;1.2;0.667;1.4;3.3;4.8;1.2;1.2;0.2;1;1.5;5.2
515;Fred VanVleet;PG;29;HOU;73;73;36.8;5.8;13.9;0.416;3.1;8;0.387;2.7;5.9;0.454;0.527;2.7;3.1;0.86;0.5;3.4;3.8;8.1;1.4;0.8;1.7;2.5;17.4
516;Devin Vassell;SG;23;SAS;68;62;33.1;7.3;15.5;0.472;2.4;6.6;0.372;4.9;9;0.544;0.55;2.4;3;0.801;0.4;3.4;3.8;4.1;1.1;0.3;1.6;1.1;19.5
517;Sasha Vezenkov;PF;28;SAC;42;0;12.2;2;4.5;0.44;1.1;2.9;0.375;0.9;1.7;0.549;0.558;0.3;0.4;0.8;0.7;1.6;2.3;0.5;0.5;0.2;0.3;1;5.4
518;Gabe Vincent;PG;27;LAL;11;0;19.8;1.4;4.5;0.306;0.3;2.5;0.107;1.1;1.9;0.571;0.337;0.1;0.2;0.5;0.4;0.5;0.8;1.9;0.8;0;0.5;1.7;3.1
519;Nikola Vu?evi?;C;33;CHI;76;74;34.3;7.7;15.9;0.484;1.2;4.1;0.294;6.5;11.8;0.55;0.522;1.4;1.7;0.822;2.8;7.8;10.5;3.3;0.7;0.8;1.6;2.5;18
520;Tristan Vukcevic;C;20;WAS;10;4;15.3;2.9;6.7;0.433;1;3.6;0.278;1.9;3.1;0.613;0.507;1.7;2.2;0.773;0.6;3;3.6;1.3;0.5;0.7;1;2.8;8.5
521;Dean Wade;PF;27;CLE;54;32;20.5;1.8;4.3;0.414;1.5;3.7;0.391;0.3;0.6;0.567;0.584;0.4;0.5;0.769;0.7;3.4;4;0.8;0.7;0.5;0.4;1.7;5.4
522;Franz Wagner;SF;22;ORL;72;72;32.5;7.3;15.2;0.482;1.3;4.6;0.281;6;10.6;0.57;0.525;3.8;4.4;0.85;1;4.3;5.3;3.7;1.1;0.4;1.9;2.3;19.7
523;Moritz Wagner;C;26;ORL;80;1;17.7;4.2;6.9;0.601;0.5;1.4;0.33;3.7;5.5;0.673;0.636;2.1;2.6;0.814;1.5;2.9;4.3;1.2;0.5;0.3;1.2;2;10.9
524;Ish Wainright;SF;29;TOT;11;0;5.6;0.6;2.2;0.292;0.6;1.8;0.35;0;0.4;0;0.438;0.2;0.2;1;0.3;1;1.3;0.1;0.4;0.1;0.2;0.7;2.1
524;Ish Wainright;SF;29;POR;7;0;6.6;0.9;2.6;0.333;0.9;2.3;0.375;0;0.3;0;0.5;0.3;0.3;1;0;1.3;1.3;0;0.3;0.1;0.1;0.6;2.9
524;Ish Wainright;SF;29;PHO;4;0;4;0.3;1.5;0.167;0.3;1;0.25;0;0.5;0;0.25;0;0;0;0.8;0.5;1.3;0.3;0.5;0;0.3;1;0.8
525;Jabari Walker;SF;21;POR;72;23;23.6;3.3;7.1;0.46;0.6;1.9;0.295;2.7;5.1;0.522;0.5;1.8;2.4;0.754;2.1;5;7.1;1;0.6;0.3;0.9;2.4;8.9
526;Jarace Walker;PF;20;IND;33;0;10.3;1.4;3.3;0.409;0.7;1.7;0.4;0.7;1.7;0.418;0.509;0.2;0.3;0.889;0.4;1.5;1.9;1.2;0.5;0.3;0.5;0.9;3.6
527;Lonnie Walker IV;SG;25;BRK;58;0;17.4;3.6;8.5;0.423;1.8;4.7;0.384;1.8;3.8;0.471;0.528;0.8;1;0.763;0.2;2;2.2;1.3;0.6;0.3;0.9;1.2;9.7
528;Cason Wallace;SG;20;OKC;82;13;20.6;2.6;5.4;0.491;1.2;2.9;0.419;1.5;2.5;0.572;0.602;0.4;0.5;0.784;0.6;1.6;2.3;1.5;0.9;0.5;0.5;1.6;6.8
529;Jordan Walsh;SF;19;BOS;9;1;9.2;0.7;1.7;0.4;0.2;1;0.222;0.4;0.7;0.667;0.467;0.1;0.2;0.5;0.6;1.7;2.2;0.6;0.6;0.1;0.3;1.2;1.7
530;T.J. Warren;SF;30;MIN;11;0;11.4;1.6;3.7;0.439;0.2;1.2;0.154;1.5;2.5;0.571;0.463;0.3;0.4;0.75;0.5;1.5;2;0.8;0.4;0.1;0.4;1;3.7
531;P.J. Washington;PF;25;TOT;73;45;30.4;4.8;11.1;0.436;1.8;5.7;0.32;3;5.5;0.558;0.518;1.4;2;0.683;1.2;4.5;5.6;1.9;1;0.8;1.3;2.3;12.9
531;P.J. Washington;PF;25;CHO;44;17;29.2;5.2;11.6;0.446;1.8;5.5;0.324;3.4;6;0.558;0.524;1.5;2.1;0.713;1.2;4.1;5.3;2.2;0.9;0.7;1.5;2.5;13.6
531;P.J. Washington;PF;25;DAL;29;28;32.2;4.4;10.4;0.421;1.8;5.8;0.314;2.6;4.6;0.556;0.508;1.1;1.8;0.627;1.1;5.1;6.2;1.5;1.2;0.9;1;2;11.7
532;TyTy Washington Jr.;PG;22;MIL;11;0;5.1;0.5;1.8;0.3;0.2;0.5;0.333;0.4;1.3;0.286;0.35;0;0;0;0.1;0.4;0.5;0.5;0.3;0;0.2;0.1;1.3
533;Yuta Watanabe;SF;29;TOT;34;0;13.6;1.2;3.4;0.353;0.7;2.5;0.294;0.5;0.9;0.516;0.461;0.3;0.5;0.588;0.3;1.3;1.6;0.4;0.4;0.2;0.6;1.1;3.4
533;Yuta Watanabe;SF;29;PHO;29;0;13.2;1.2;3.3;0.361;0.8;2.6;0.32;0.4;0.8;0.5;0.485;0.3;0.5;0.667;0.4;1.2;1.6;0.3;0.3;0.2;0.6;1.2;3.6
533;Yuta Watanabe;SF;29;MEM;5;0;16.4;1.2;3.8;0.316;0.2;2;0.1;1;1.8;0.556;0.342;0;0.4;0;0;1.8;1.8;1;0.6;0;0.6;1;2.6
534;Lindy Waters III;SG;26;OKC;38;0;7.4;1.3;2.7;0.471;1;2.2;0.435;0.3;0.5;0.632;0.649;0.1;0.1;1;0.2;0.9;1.1;0.6;0.1;0.2;0.2;0.6;3.6
535;Trendon Watford;PF;23;BRK;63;2;13.6;2.6;4.9;0.527;0.4;1.1;0.397;2.2;3.9;0.564;0.571;1.2;1.5;0.794;0.8;2.3;3.1;1.3;0.4;0.3;1;1.7;6.9
536;Peyton Watson;SF;21;DEN;80;4;18.6;2.6;5.6;0.465;0.6;1.9;0.296;2;3.7;0.553;0.516;0.9;1.3;0.67;0.7;2.5;3.2;1.1;0.5;1.1;0.7;1.8;6.7
537;Victor Wembanyama;C;20;SAS;71;71;29.7;7.8;16.7;0.465;1.8;5.5;0.325;6;11.2;0.534;0.519;4.1;5.2;0.796;2.3;8.4;10.6;3.9;1.2;3.6;3.7;2.2;21.4
538;Blake Wesley;SG;20;SAS;61;3;14.4;1.7;3.5;0.474;0.2;0.9;0.218;1.5;2.6;0.563;0.502;0.9;1.3;0.667;0.3;1.2;1.5;2.7;0.5;0.1;0.9;1.5;4.4
539;Russell Westbrook;PG;35;LAC;68;11;22.5;4.4;9.8;0.454;0.6;2.3;0.273;3.8;7.5;0.509;0.486;1.6;2.4;0.688;1.4;3.7;5;4.5;1.1;0.3;2.1;1.8;11.1
540;Coby White;PG;23;CHI;79;78;36.5;6.8;15.3;0.447;2.6;7;0.376;4.2;8.3;0.508;0.534;2.8;3.3;0.838;0.6;4;4.5;5.1;0.7;0.2;2.1;2.4;19.1
541;Derrick White;SG;29;BOS;73;73;32.6;5.3;11.5;0.461;2.7;6.8;0.396;2.6;4.7;0.555;0.578;1.9;2.1;0.901;0.7;3.5;4.2;5.2;1;1.2;1.5;2.1;15.2
542;Jack White;SF;26;MEM;4;0;16;0.5;4;0.125;0.5;2.5;0.2;0;1.5;0;0.188;0;0;0;1;2;3;0.3;1;0.3;0.5;0.8;1.5
543;Cam Whitmore;SF;19;HOU;47;2;18.7;4.5;9.9;0.454;1.7;4.7;0.359;2.8;5.3;0.538;0.539;1.6;2.4;0.679;0.9;2.9;3.8;0.7;0.6;0.4;1;1.4;12.3
544;Aaron Wiggins;SG;25;OKC;78;4;15.7;2.7;4.8;0.562;0.8;1.6;0.492;1.9;3.2;0.598;0.645;0.7;0.9;0.789;0.8;1.6;2.4;1.1;0.7;0.2;0.7;1.2;6.9
545;Andrew Wiggins;SF;28;GSW;71;59;27;5;11;0.453;1.3;3.6;0.358;3.7;7.4;0.498;0.511;2;2.7;0.751;1.5;3;4.5;1.7;0.6;0.6;1.2;2.1;13.2
546;Lindell Wigginton;PG;25;MIL;3;0;2.7;0.7;1.7;0.4;0;0.7;0;0.7;1;0.667;0.4;0.7;0.7;1;0;0;0;0;0;0;0.3;0.3;2
547;Alondes Williams;SG;24;MIA;7;0;2.3;0.3;1.1;0.25;0;0.6;0;0.3;0.6;0.5;0.25;0.1;0.1;1;0;0.1;0.1;0;0;0.1;0.3;0.3;0.7
548;Brandon Williams;PG;24;DAL;17;0;6.6;1.2;3.2;0.37;0.2;0.9;0.2;1;2.3;0.436;0.398;0.6;1;0.647;0.2;0.5;0.8;1;0.1;0.1;0.4;0.2;3.2
549;Grant Williams;PF;25;TOT;76;43;28;3.6;8;0.456;1.7;4.4;0.375;2;3.5;0.558;0.56;1.4;1.8;0.757;1.1;3.1;4.2;2.3;0.6;0.5;1.4;3;10.3
549;Grant Williams;PF;25;DAL;47;33;26.4;2.8;6.7;0.413;1.7;4.5;0.376;1.1;2.3;0.486;0.538;0.9;1.2;0.745;1;2.6;3.6;1.7;0.5;0.6;1.1;2.9;8.1
549;Grant Williams;PF;25;CHO;29;10;30.6;5;9.9;0.503;1.6;4.3;0.373;3.4;5.6;0.605;0.585;2.2;2.9;0.765;1.4;3.8;5.1;3.2;0.7;0.4;1.9;3.1;13.9
550;Jalen Williams;PF;22;OKC;71;71;31.3;7.5;14;0.54;1.5;3.4;0.427;6.1;10.6;0.576;0.592;2.5;3.1;0.814;0.5;3.5;4;4.5;1.1;0.6;1.7;2.5;19.1
551;Jaylin Williams;C;21;OKC;69;1;13;1.4;3.3;0.417;0.8;2.1;0.368;0.6;1.2;0.5;0.533;0.5;0.6;0.805;0.5;2.9;3.4;1.6;0.4;0.4;0.5;1.4;4
552;Jeenathan Williams;SG;24;HOU;22;0;5.9;1.2;2.3;0.54;0.1;0.2;0.4;1.1;2;0.556;0.56;0.3;0.6;0.538;0.5;0.5;1;0.3;0.2;0;0.2;0.5;2.9
553;Kenrich Williams;PF;29;OKC;69;1;14.9;1.9;4.1;0.468;0.8;2;0.397;1.1;2;0.54;0.568;0.1;0.2;0.5;0.9;2.1;3;1.3;0.6;0.1;0.5;1.5;4.7
554;Malik Williams;C;25;TOR;7;2;15.3;1.3;4.9;0.265;0.1;0.7;0.2;1.1;4.1;0.276;0.279;0;0.3;0;2.1;3.3;5.4;0.3;0.4;0.6;0.4;2.1;2.7
555;Mark Williams;C;22;CHO;19;19;26.7;5.2;7.9;0.649;0;0;0;5.2;7.9;0.649;0.649;2.4;3.4;0.719;4;5.7;9.7;1.2;0.8;1.1;0.9;2.6;12.7
556;Patrick Williams;PF;22;CHI;43;30;27.3;3.7;8.3;0.443;1.4;3.4;0.399;2.3;4.9;0.474;0.525;1.2;1.5;0.788;1.1;2.8;3.9;1.5;0.9;0.8;1.3;2;10
557;Robert Williams;C;26;POR;6;0;19.8;2.8;4.3;0.654;0;0;0;2.8;4.3;0.654;0.654;1.2;1.5;0.778;1.8;4.5;6.3;0.8;1.2;1.2;1.2;2.8;6.8
558;Vince Williams Jr.;SG;23;MEM;52;33;27.6;3.3;7.3;0.446;1.5;4;0.378;1.7;3.3;0.529;0.55;2;2.5;0.8;1.1;4.4;5.6;3.4;0.9;0.7;1.8;2.6;10
559;Ziaire Williams;SF;22;MEM;51;15;20.4;2.9;7.4;0.397;1.1;3.7;0.307;1.8;3.7;0.487;0.474;1.2;1.5;0.827;0.7;2.8;3.5;1.5;0.7;0.2;1.3;1.7;8.2
560;Zion Williamson;PF;23;NOP;70;70;31.5;8.9;15.6;0.57;0.1;0.3;0.333;8.8;15.4;0.574;0.573;5;7.1;0.702;1.7;4.1;5.8;5;1.1;0.7;2.8;2.3;22.9
561;D.J. Wilson;PF;27;PHI;2;0;7.5;2;3;0.667;1;1;1;1;2;0.5;0.833;0;0;0;0.5;0.5;1;1;0;1;0;0.5;5
562;Jalen Wilson;PF;23;BRK;43;3;15.4;1.8;4.2;0.425;0.6;1.7;0.324;1.2;2.4;0.495;0.492;0.9;1.1;0.826;1.1;2;3;1;0.3;0.1;0.4;1.1;5
563;Dylan Windler;SF;27;TOT;17;0;6.4;0.9;1.8;0.5;0.8;1.6;0.481;0.1;0.2;0.667;0.717;0;0;0;0.2;0.8;0.9;0.6;0.1;0;0.1;0.4;2.5
563;Dylan Windler;SF;27;NYK;3;0;2.3;0.3;0.7;0.5;0.3;0.7;0.5;0;0;0;0.75;0;0;0;0;0.3;0.3;0.3;0;0;0;0.3;1
563;Dylan Windler;SF;27;LAL;8;0;3.5;0.5;1.1;0.444;0.5;1;0.5;0;0.1;0;0.667;0;0;0;0;0.4;0.4;0.8;0;0;0;0.3;1.5
563;Dylan Windler;SF;27;ATL;6;0;12.2;1.7;3.2;0.526;1.3;2.8;0.471;0.3;0.3;1;0.737;0;0;0;0.5;1.5;2;0.5;0.3;0;0.3;0.5;4.7
564;James Wiseman;C;22;DET;63;6;17.3;3;4.8;0.613;0;0;0;3;4.8;0.617;0.613;1.1;1.6;0.706;1.7;3.6;5.3;0.9;0.2;0.6;1;2.2;7.1
565;Isaiah Wong;SG;23;IND;1;0;4;1;3;0.333;0;1;0;1;2;0.5;0.333;0;0;0;0;0;0;0;0;0;0;0;2
566;Christian Wood;PF;28;LAL;50;1;17.4;2.5;5.3;0.466;0.7;2.3;0.307;1.8;3;0.587;0.532;1.3;1.9;0.702;0.8;4.3;5.1;1;0.3;0.7;1;1.4;6.9
567;Delon Wright;PG;31;TOT;47;1;15.8;1.6;4;0.394;0.5;1.4;0.368;1;2.6;0.408;0.46;0.8;1;0.822;0.4;1.4;1.8;2.5;1.1;0.2;0.3;0.7;4.5
567;Delon Wright;PG;31;WAS;33;0;13.8;1.5;3.7;0.393;0.4;1.2;0.368;1;2.5;0.405;0.451;0.7;0.9;0.828;0.4;1.4;1.8;2.5;1.1;0.2;0.3;0.7;4.1
567;Delon Wright;PG;31;MIA;14;1;20.4;1.9;4.7;0.394;0.8;2.1;0.367;1.1;2.6;0.417;0.477;0.9;1.1;0.813;0.4;1.5;1.9;2.6;1.4;0.2;0.2;0.7;5.4
568;Thaddeus Young;PF;35;TOT;33;6;13.3;2;3.3;0.602;0;0.2;0.143;1.9;3.1;0.634;0.606;0.2;0.5;0.4;1.4;1.7;3.1;1.7;0.7;0.2;0.5;1.5;4.2
568;Thaddeus Young;PF;35;TOR;23;6;15.2;2.3;3.8;0.621;0;0.3;0.167;2.3;3.5;0.654;0.626;0.2;0.5;0.417;1.3;2;3.3;2.2;0.8;0.1;0.5;1.7;5
568;Thaddeus Young;PF;35;PHO;10;0;8.9;1.1;2.1;0.524;0;0.1;0;1.1;2;0.55;0.524;0.1;0.3;0.333;1.7;1.1;2.8;0.7;0.5;0.2;0.4;1.1;2.3
569;Trae Young;PG;25;ATL;54;54;36;8;18.7;0.43;3.2;8.7;0.373;4.8;10;0.479;0.516;6.4;7.5;0.855;0.4;2.3;2.8;10.8;1.3;0.2;4.4;2;25.7
570;Omer Yurtseven;C;25;UTA;48;12;11.4;2.1;3.8;0.538;0.1;0.5;0.208;2;3.3;0.588;0.552;0.4;0.6;0.679;1.5;2.8;4.3;0.6;0.2;0.4;0.8;1.1;4.6
571;Cody Zeller;C;31;NOP;43;0;7.4;0.6;1.4;0.419;0;0.1;0.333;0.6;1.4;0.424;0.427;0.5;0.9;0.605;1.1;1.5;2.6;0.9;0.2;0.1;0.4;1;1.8
572;Ivica Zubac;C;26;LAC;68;68;26.4;5;7.6;0.649;0;0;0;5;7.6;0.649;0.649;1.8;2.4;0.723;2.9;6.3;9.2;1.4;0.3;1.2;1.2;2.6;11.7
